case,serial,ref,questnnr,mode,language,started,ci01,ci02,ci02s,ci03,ci04,ci04s,ci05,ci06,ci06s,ci15,ci07,ci07_02,ci07_03,ci07_04,ci07_05,ci07_06,ci08,ci08s,ci16,ci17,ci18,ci09,ci10,ci11,ci12,ci13,ci14,ci14_01,ci14_02,ci14_03,ci14_04,ci14_05,ci14_06,ci14_07,ci14_08,ci14_09,ci14_10,ci14_11,ci14_11a,de05_01,de05_01a,de02,de03,de03_13,de04_01,de04_01a,di01_01,di01_02,di01_03,di01_04,di01_05,di01_06,di01_07,di02,di02_01,di02_16,di02_02,di02_04,di02_09,di02_05,di02_03,di02_14,di02_17,di02_08,di02_11,di02_15,di02_15a,di03,di04,di04_02,di04_01,di04_07,di04_06,di04_08,di04_03,di04_13,di04_11,di04_14,di04_12,di04_09,di04_10,in01_01,in01_02,in02_01,in02_02,in03_01,in03_02,in03_03,in05_01,in05_02,in05_03,in06_01,in06_02,in06_03,in06_04,in07_01,in07_02,in07_03,in07_05,in07_06,in08_01,in08_02,in08_04,in08_05,mi02_01,pb01_01,pb01_03,pb01_02,pb01_04,pb01_05,pe01,pe02,pe03,pe04,pe05,pe06,pe07,time001,time002,time003,time004,time005,time006,time007,time008,time009,time010,time011,time012,time013,time014,time015,time016,time017,time018,time019,time020,time021,time022,time023,time025,time026,time027,time028,time029,time_sum,mailsent,lastdata,status,finished,q_viewer,lastpage,maxpage,missing,missrel,time_rsi,age,gender_binary,gender_categories,uni_binary,length_residence_4cats,german_citizen_binary,discriminated_group_binary,bund_mean,council_mean,police_mean,court_mean,media_mean,immigr_mean,citizens_mean,institution_mean,discrim_mean,pb_total,pb_citizenship,pb_belonging,self_born_abroad,mother_born_abroad,father_born_abroad,migration_background,migration_generation,pe01_exp_binary,pe02_exp_binary,pe03_exp_binary,pe04_exp_binary,pe05_exp_binary,pe06_exp_binary,pe07_exp_binary,pe01_exp_degree,pe02_exp_degree,pe03_exp_degree,pe04_exp_degree,pe05_exp_degree,pe06_exp_degree,pe07_exp_degree,exp_frequency,exp_degree_mean
Interview number (sequential),Serial number (if provided),Reference (if provided in link),Questionnaire that has been used in the interview,Interview mode,Language,Time the interview has started (Europe/Berlin),NA,NA,Country of birth - open (free text),NA,NA,Mother Country of birth - open (free text),NA,NA,Father Country of birth - open (free text),NA,Citizenship: Residual option (negative) or number of selected options,Citizenship: Turkey,Citizenship: Ukraine,Citizenship: Syria,Citizenship: Romania,Citizenship: Afghanistan,Citizenship - open I,Citizenship - open I (free text),Citizenship - open II,Citizenship - open III,Citizenship - open IV,Non-German residence,German residence,NA,Desire for citizenship,Plans for citizenship,Ethnicity: Residual option (negative) or number of selected options,Ethnicity: European descent,Ethnicity: Black or African descent,Ethnicity: Hispanic or Latino,Ethnicity: Middle Eastern or North African (MENA),Ethnicity: South Asian,Ethnicity: East Asian,Ethnicity: Southeast Asian,Ethnicity: Indigenous / Native / Aboriginal,Ethnicity: Pacific Islander,Ethnicity: Mixed or Multiracial,"Ethnicity: Other, namely","Ethnicity: Other, namely (free text)",NA,Birthyear - input: [01]: Prefer not to say,NA,NA,"Educational diploma: Other, namely",Postal code: [01],Postal code: [01]: Prefer not to say,NA,NA,NA,NA,NA,NA,NA,Discrimination - Explanation: Residual option (negative) or number of selected options,Discrimination - Explanation: Nationality or ethnicity,Discrimination - Explanation: Skin colour or race,Discrimination - Explanation: Gender,Discrimination - Explanation: Age,Discrimination - Explanation: Sexual orientation,Discrimination - Explanation: Religion,Discrimination - Explanation: Migration status,Discrimination - Explanation: Class,Discrimination - Explanation: Education level,Discrimination - Explanation: Aspect of physical appearance,Discrimination - Explanation: Disability,"Discrimination - Explanation: Other, namely","Discrimination - Explanation: Other, namely (free text)",NA,Discrimination - Grounds: Residual option (negative) or number of selected options,Discrimination - Grounds: Nationality or ethnicity,Discrimination - Grounds: Skin colour or race,Discrimination - Grounds: Gender,Discrimination - Grounds: Age,Discrimination - Grounds: Sexual orientation,Discrimination - Grounds: Religion,Discrimination - Grounds: Migration status,Discrimination - Grounds: Class,Discrimination - Grounds: Education level,Discrimination - Grounds: Aspect of physical appearance,Discrimination - Grounds: Disability,"Discrimination - Grounds: Other, namely",NA,NA,NA,NA,NA,NA,NA,NA,NA,NA,NA,NA,NA,NA,NA,NA,NA,NA,NA,NA,NA,NA,NA,Feedback: We welcome your feedback,NA,NA,NA,NA,NA,NA,NA,NA,NA,NA,NA,NA,Time spent on page 1,Time spent on page 2,Time spent on page 3,Time spent on page 4,Time spent on page 5,Time spent on page 6,Time spent on page 7,Time spent on page 8,Time spent on page 9,Time spent on page 10,Time spent on page 11,Time spent on page 12,Time spent on page 13,Time spent on page 14,Time spent on page 15,Time spent on page 16,Time spent on page 17,Time spent on page 18,Time spent on page 19,Time spent on page 20,Time spent on page 21,Time spent on page 22,Time spent on page 23,Time spent on page 25,Time spent on page 26,Time spent on page 27,Time spent on page 28,Time spent on page 29,Time spent overall (except outliers),"Time when the invitation mailing was sent (personally identifiable recipients, only)",Time when the data was most recently updated,Interview status marker,Has the interview been finished (reached last page)?,"Did the respondent only view the questionnaire, omitting mandatory questions?",Last page that the participant has handled in the questionnaire,Hindmost page handled by the participant,Missing answers in percent,Missing answers (weighted by relevance),Completion Speed (relative),NA,NA,NA,NA,NA,NA,NA,NA,NA,NA,NA,NA,NA,NA,NA,NA,NA,NA,NA,FALSE,FALSE,FALSE,0,Non-migrant,NA,NA,NA,NA,NA,NA,NA,NA,NA,NA,NA,NA,NA,NA,NA,NA
91,NA,NA,base,interview,eng,46150.992291667,NA,NA,NA,NA,NA,NA,NA,NA,NA,NA,NA,1,1,1,1,1,NA,NA,NA,NA,NA,NA,NA,NA,NA,NA,NA,1,1,1,1,1,1,1,1,1,1,1,NA,NA,NA,NA,NA,NA,NA,NA,NA,NA,NA,NA,NA,NA,NA,NA,NA,NA,NA,NA,NA,NA,NA,NA,NA,NA,NA,NA,NA,NA,NA,NA,NA,NA,NA,NA,NA,NA,NA,NA,NA,NA,NA,NA,NA,NA,NA,NA,NA,NA,NA,NA,NA,NA,NA,NA,NA,NA,NA,NA,NA,NA,NA,NA,NA,NA,NA,NA,NA,NA,NA,NA,NA,NA,NA,NA,NA,NA,NA,4,5,3,4,3,10,4,4,9,NA,NA,3,NA,NA,4,NA,NA,NA,NA,NA,NA,NA,NA,NA,NA,NA,NA,NA,53,NA,46150.992916667,NA,0,0,15,15,39,9,1.58,NA,NA,NA,NA,NA,NA,NA,NA,NA,NA,NA,NA,NA,NA,NA,NA,NA,NA,NA,FALSE,FALSE,FALSE,0,Non-migrant,NA,NA,NA,NA,NA,NA,NA,NA,NA,NA,NA,NA,NA,NA,NA,NA
93,NA,NA,base,interview,tur,46152.692974537,NA,NA,NA,NA,NA,NA,NA,NA,NA,NA,NA,NA,NA,NA,NA,NA,NA,NA,NA,NA,NA,NA,NA,NA,NA,NA,NA,NA,NA,NA,NA,NA,NA,NA,NA,NA,NA,NA,NA,NA,NA,NA,NA,NA,NA,NA,NA,NA,NA,NA,NA,NA,NA,NA,NA,NA,NA,NA,NA,NA,NA,NA,NA,NA,NA,NA,NA,NA,NA,NA,NA,NA,NA,NA,NA,NA,NA,NA,NA,NA,NA,NA,NA,NA,NA,NA,NA,NA,NA,NA,NA,NA,NA,NA,NA,NA,NA,NA,NA,NA,NA,NA,NA,NA,NA,NA,NA,NA,NA,NA,NA,NA,NA,NA,NA,NA,NA,6,4,NA,NA,NA,NA,NA,NA,NA,NA,NA,NA,NA,NA,NA,NA,NA,NA,NA,NA,NA,NA,NA,NA,NA,NA,NA,NA,10,NA,46152.693090278,NA,0,0,1,2,100,100,1.67,NA,NA,NA,NA,NA,NA,NA,NA,NA,NA,NA,NA,NA,NA,NA,NA,NA,NA,NA,FALSE,FALSE,FALSE,0,Non-migrant,NA,NA,NA,NA,NA,NA,NA,NA,NA,NA,NA,NA,NA,NA,NA,NA
94,NA,NA,base,interview,ger,46153.528009259,NA,NA,NA,NA,NA,NA,NA,NA,NA,NA,NA,NA,NA,NA,NA,NA,NA,NA,NA,NA,NA,NA,NA,NA,NA,NA,NA,NA,NA,NA,NA,NA,NA,NA,NA,NA,NA,NA,NA,NA,NA,NA,NA,NA,NA,NA,NA,NA,NA,NA,NA,NA,NA,NA,NA,NA,NA,NA,NA,NA,NA,NA,NA,NA,NA,NA,NA,NA,NA,NA,NA,NA,NA,NA,NA,NA,NA,NA,NA,NA,NA,NA,NA,NA,NA,NA,NA,NA,NA,NA,NA,NA,NA,NA,NA,NA,NA,NA,NA,NA,NA,NA,NA,NA,NA,NA,NA,NA,NA,NA,NA,NA,NA,NA,NA,NA,NA,5,3,NA,NA,NA,NA,NA,NA,NA,NA,NA,NA,NA,NA,NA,NA,NA,NA,NA,NA,NA,NA,NA,NA,NA,NA,NA,NA,8,NA,46153.528101852,NA,0,0,2,2,100,100,2.13,NA,NA,NA,NA,NA,NA,NA,NA,NA,NA,NA,NA,NA,NA,NA,NA,NA,NA,NA,FALSE,FALSE,FALSE,0,Non-migrant,NA,NA,NA,NA,NA,NA,NA,NA,NA,NA,NA,NA,NA,NA,NA,NA
98,NA,NA,base,interview,ger,46154.669583333,NA,NA,NA,NA,NA,NA,NA,NA,NA,NA,NA,NA,NA,NA,NA,NA,NA,NA,NA,NA,NA,NA,NA,NA,NA,NA,NA,NA,NA,NA,NA,NA,NA,NA,NA,NA,NA,NA,NA,NA,NA,NA,NA,NA,NA,NA,NA,NA,NA,NA,NA,NA,NA,NA,NA,NA,NA,NA,NA,NA,NA,NA,NA,NA,NA,NA,NA,NA,NA,NA,NA,NA,NA,NA,NA,NA,NA,NA,NA,NA,NA,NA,NA,NA,NA,NA,NA,NA,NA,NA,NA,NA,NA,NA,NA,NA,NA,NA,NA,NA,NA,NA,NA,NA,NA,NA,NA,NA,NA,NA,NA,NA,NA,NA,NA,NA,NA,11,57,NA,NA,NA,NA,NA,NA,NA,NA,NA,NA,NA,NA,NA,NA,NA,NA,NA,NA,NA,NA,NA,NA,NA,NA,NA,NA,19,NA,46154.67037037,NA,0,0,2,2,100,100,0.43,NA,NA,NA,NA,NA,NA,NA,NA,NA,NA,NA,NA,NA,NA,NA,NA,NA,NA,NA,FALSE,FALSE,FALSE,0,Non-migrant,NA,NA,NA,NA,NA,NA,NA,NA,NA,NA,NA,NA,NA,NA,NA,NA
109,NA,NA,base,interview,eng,46163.738344907,NA,147,NA,NA,147,NA,NA,147,NA,2,0,1,1,1,1,1,147,NA,NA,NA,NA,4,NA,1,1,1,1,2,1,1,1,1,1,1,1,1,1,1,NA,1998,1,2,9,NA,60323,1,1,1,1,1,1,1,1,NA,NA,NA,NA,NA,NA,NA,NA,NA,NA,NA,NA,NA,NA,2,NA,NA,NA,NA,NA,NA,NA,NA,NA,NA,NA,NA,NA,6,6,9,9,3,5,6,8,7,9,9,7,7,10,NA,NA,NA,NA,NA,NA,NA,NA,NA,NA,7,10,8,9,8,1,1,1,1,4,1,1,50,8,3,19,39,26,10,5,11,8,NA,11,6,4,46,307,37,47,20,36,135,28,22,NA,36,NA,70,9,498,NA,46163.749849537,complete,1,0,29,29,11,4,0.7,28,1,Male,1,0-5 years,0,0,6,9,4.666666666666667,8,8.25,NA,NA,7.214285714285714,1,42,8.5,8.333333333333334,TRUE,TRUE,TRUE,1,1st gen,0,0,0,0,1,0,0,NA,NA,NA,NA,3,NA,NA,1,3
110,NA,NA,base,interview,ger,46168.480925926,1,NA,NA,6,NA,NA,6,NA,NA,1,NA,1,1,1,1,1,NA,NA,NA,NA,NA,NA,1,8,NA,NA,1,2,1,1,1,1,1,1,1,1,1,1,NA,2000,1,1,8,NA,61350,1,2,1,4,2,4,4,2,4,2,1,2,1,1,2,2,1,1,1,1,1,NA,1,3,2,1,1,1,1,2,2,1,1,1,1,1,2,2,2,2,4,5,6,4,1,6,7,5,3,5,NA,NA,NA,NA,NA,NA,NA,NA,NA,NA,10,7,10,10,10,1,1,3,1,1,NA,NA,3,7,1,6,5,8,4,3,11,NA,6,6,NA,NA,9,31,10,20,19,12,15,12,39,13,4,11,18,4,277,NA,46168.484131944,complete,1,0,29,29,13,2,1.56,26,0,Female,1,Since birth,1,1,2,2,5,3.6666666666666665,5,NA,NA,3.857142857142857,2.7142857142857144,47,8.5,10,FALSE,TRUE,TRUE,1,2nd gen,0,0,1,0,0,NA,NA,NA,NA,2,NA,NA,NA,NA,1,2
111,NA,NA,base,interview,ger,46168.487199074,1,NA,NA,1,NA,NA,1,NA,NA,1,0,1,1,1,1,1,NA,NA,NA,NA,NA,NA,7,6,NA,NA,1,2,1,1,1,1,1,1,1,1,1,1,NA,1999,1,2,6,NA,NA,NA,1,1,1,1,1,1,1,NA,NA,NA,NA,NA,NA,NA,NA,NA,NA,NA,NA,NA,NA,2,NA,NA,NA,NA,NA,NA,NA,NA,NA,NA,NA,NA,NA,5,4,6,5,6,7,7,5,4,7,6,6,5,9,NA,NA,NA,NA,NA,NA,NA,NA,NA,NA,8,NA,5,8,10,1,1,4,1,1,1,1,28,6,3,7,4,3,3,2,15,NA,5,5,NA,NA,7,58,61,30,13,26,23,12,34,NA,5,NA,28,4,382,NA,46168.491643519,complete,1,0,29,29,13,2,1.3,27,1,Male,0,16+ years,1,0,4.5,5.5,6.666666666666667,5.333333333333333,6.5,NA,NA,5.857142857142857,1,31,8,7.666666666666667,FALSE,FALSE,FALSE,0,Non-migrant,0,0,1,0,0,0,0,NA,NA,3,NA,NA,NA,NA,1,3
112,NA,NA,base,interview,ger,46168.492418981,1,NA,NA,1,NA,NA,2,NA,NA,1,1,2,1,1,1,1,NA,NA,NA,NA,NA,NA,1,8,NA,NA,1,1,1,1,1,1,1,1,1,1,1,2,westasiatisch,2001,1,1,9,NA,61350,1,1,2,2,1,1,NA,2,2,2,1,1,1,1,2,1,1,1,1,1,1,NA,1,4,2,1,1,1,1,2,2,1,1,2,1,1,3,3,5,5,2,1,1,7,1,6,1,4,1,1,NA,NA,NA,NA,10,NA,NA,NA,NA,NA,10,10,6,5,8,1,1,3,1,1,4,1,7,7,2,11,31,17,4,2,10,NA,12,4,NA,NA,299,43,33,32,25,46,29,25,81,15,8,14,36,4,477,NA,46168.501643519,complete,1,0,29,29,13,2,0.94,25,0,Female,1,Since birth,1,1,3,5,1.3333333333333333,4.666666666666667,1.75,10,NA,3.4,1.5,39,10,6.333333333333333,FALSE,FALSE,TRUE,1,2nd gen,0,0,1,0,0,1,0,NA,NA,2,NA,NA,3,NA,2,2.5
113,NA,NA,base,interview,ger,46168.493831019,1,NA,NA,1,NA,NA,1,NA,NA,1,0,1,1,1,1,1,NA,NA,NA,NA,NA,NA,1,8,NA,NA,1,2,1,1,1,1,1,1,1,1,1,1,NA,1997,1,1,8,NA,60323,1,3,1,1,1,1,3,2,3,1,1,2,2,1,1,1,1,1,2,1,1,NA,2,NA,NA,NA,NA,NA,NA,NA,NA,NA,NA,NA,NA,NA,3,4,4,4,4,4,6,3,2,4,6,7,5,7,NA,NA,NA,NA,NA,5,7,7,4,NA,6,6,3,5,6,1,1,4,1,1,1,4,21,9,2,8,4,4,4,2,8,NA,4,4,NA,NA,6,30,11,32,20,46,24,35,60,46,6,NA,39,3,428,NA,46168.498796296,complete,1,0,29,29,13,2,1.21,29,0,Female,1,Since birth,1,0,3.5,4,4.666666666666667,3,6.25,NA,5.75,4.777777777777778,1.7142857142857142,26,6,4.666666666666667,FALSE,FALSE,FALSE,0,Non-migrant,0,0,1,0,0,0,1,NA,NA,3,NA,NA,NA,3,2,3
114,NA,NA,base,interview,ger,46168.496712963,NA,137,NA,NA,137,NA,NA,137,NA,2,0,1,1,1,1,1,137,NA,NA,NA,NA,4,NA,6,1,1,1,2,1,1,1,1,1,1,1,1,1,1,NA,1997,1,1,8,NA,80992,1,1,1,1,1,1,1,1,NA,NA,NA,NA,NA,NA,NA,NA,NA,NA,NA,NA,NA,NA,2,NA,NA,NA,NA,NA,NA,NA,NA,NA,NA,NA,NA,NA,7,5,8,NA,6,4,9,7,4,9,4,4,4,6,9,9,NA,9,NA,9,9,9,9,NA,7,5,7,7,9,1,1,4,1,3,4,4,1,4,5,3,4,8,10,7,15,5,NA,8,4,4,5,13,13,46,16,37,36,13,15,NA,9,NA,31,2,314,NA,46168.500347222,complete,1,0,29,29,11,4,1.46,29,0,Female,1,16+ years,0,0,6,8,6.333333333333333,6.666666666666667,4.5,9,9,7,1,35,6,7.666666666666667,TRUE,TRUE,TRUE,1,1st gen,0,0,1,0,1,1,1,NA,NA,3,NA,2,3,3,4,2.75
117,NA,NA,base,interview,ger,46168.500694444,NA,46,NA,1,NA,NA,1,NA,NA,1,0,1,1,1,1,1,46,NA,NA,NA,NA,NA,1,3,NA,NA,1,2,1,1,1,1,1,1,1,1,1,1,NA,1996,1,1,9,NA,55131,1,1,1,1,1,1,1,1,NA,NA,NA,NA,NA,NA,NA,NA,NA,NA,NA,NA,NA,NA,2,NA,NA,NA,NA,NA,NA,NA,NA,NA,NA,NA,NA,NA,7,8,7,6,6,6,6,7,7,7,6,5,6,9,NA,NA,NA,NA,NA,5,7,8,6,NA,4,NA,7,3,10,1,1,3,3,3,1,3,5,6,3,8,5,10,4,4,10,NA,5,4,NA,NA,6,25,16,29,17,40,14,24,26,NA,8,NA,63,4,336,NA,46168.504583333,complete,1,0,29,29,12,3,1.24,30,0,Female,1,6-15 years,1,0,7.5,6.5,6,7,6.5,NA,6.5,6.611111111111111,1,24,4,6.666666666666667,TRUE,FALSE,FALSE,1,1st gen,0,0,1,1,1,0,1,NA,NA,2,2,2,NA,2,4,2
119,NA,NA,base,interview,ger,46168.502569444,1,NA,NA,2,NA,NA,2,NA,NA,1,0,1,1,1,1,1,NA,NA,NA,NA,NA,NA,1,8,NA,NA,1,1,1,1,1,1,2,1,1,1,1,1,NA,2001,1,1,8,NA,61350,1,2,2,1,1,1,3,1,8,2,2,2,1,1,2,2,1,2,2,2,1,NA,1,3,2,1,1,1,1,2,1,1,1,2,1,1,3,3,5,5,5,5,4,6,6,6,3,3,3,5,NA,NA,NA,NA,NA,7,5,7,6,NA,10,6,5,8,8,1,1,1,1,1,NA,3,5,9,2,8,5,4,4,3,9,NA,6,3,NA,NA,41,51,21,63,26,37,29,78,96,24,13,24,63,7,551,NA,46168.509884259,complete,1,0,29,29,18,7,0.95,25,0,Female,1,Since birth,1,1,3,5,4.666666666666667,6,3.5,NA,6.25,4.833333333333333,1.5714285714285714,37,8,7,FALSE,TRUE,TRUE,1,2nd gen,0,0,0,0,0,NA,1,NA,NA,NA,NA,NA,NA,2,1,2
120,NA,NA,base,interview,tur,46168.503125,NA,NA,NA,NA,NA,NA,NA,NA,NA,NA,NA,NA,NA,NA,NA,NA,NA,NA,NA,NA,NA,NA,NA,NA,NA,NA,NA,NA,NA,NA,NA,NA,NA,NA,NA,NA,NA,NA,NA,NA,NA,NA,NA,NA,NA,NA,NA,NA,NA,NA,NA,NA,NA,NA,NA,NA,NA,NA,NA,NA,NA,NA,NA,NA,NA,NA,NA,NA,NA,NA,NA,NA,NA,NA,NA,NA,NA,NA,NA,NA,NA,NA,NA,NA,NA,NA,NA,NA,NA,NA,NA,NA,NA,NA,NA,NA,NA,NA,NA,NA,NA,NA,NA,NA,NA,NA,NA,NA,NA,NA,NA,NA,NA,NA,NA,NA,NA,19,4,NA,NA,NA,NA,NA,NA,NA,NA,NA,NA,NA,NA,NA,NA,NA,NA,NA,NA,NA,NA,NA,NA,NA,NA,NA,NA,23,NA,46168.503391204,NA,0,0,2,2,100,100,1.21,NA,NA,NA,NA,NA,NA,NA,NA,NA,NA,NA,NA,NA,NA,NA,NA,NA,NA,NA,FALSE,FALSE,FALSE,0,Non-migrant,NA,NA,NA,NA,NA,NA,NA,NA,NA,NA,NA,NA,NA,NA,NA,NA
122,NA,NA,base,interview,ara,46168.50369213,NA,NA,NA,NA,NA,NA,NA,NA,NA,NA,NA,NA,NA,NA,NA,NA,NA,NA,NA,NA,NA,NA,NA,NA,NA,NA,NA,NA,NA,NA,NA,NA,NA,NA,NA,NA,NA,NA,NA,NA,NA,NA,NA,NA,NA,NA,NA,NA,NA,NA,NA,NA,NA,NA,NA,NA,NA,NA,NA,NA,NA,NA,NA,NA,NA,NA,NA,NA,NA,NA,NA,NA,NA,NA,NA,NA,NA,NA,NA,NA,NA,NA,NA,NA,NA,NA,NA,NA,NA,NA,NA,NA,NA,NA,NA,NA,NA,NA,NA,NA,NA,NA,NA,NA,NA,NA,NA,NA,NA,NA,NA,NA,NA,NA,NA,NA,NA,18,35,NA,NA,NA,NA,NA,NA,NA,NA,NA,NA,NA,NA,NA,NA,NA,NA,NA,NA,NA,NA,NA,NA,NA,NA,NA,NA,26,NA,46168.504305556,NA,0,0,2,2,100,100,0.34,NA,NA,NA,NA,NA,NA,NA,NA,NA,NA,NA,NA,NA,NA,NA,NA,NA,NA,NA,FALSE,FALSE,FALSE,0,Non-migrant,NA,NA,NA,NA,NA,NA,NA,NA,NA,NA,NA,NA,NA,NA,NA,NA
125,NA,NA,base,interview,ger,46168.546423611,1,NA,NA,1,NA,NA,1,NA,NA,1,0,1,1,1,1,1,NA,NA,NA,NA,NA,NA,1,8,NA,NA,1,2,1,1,1,1,1,1,1,1,1,1,NA,2001,1,2,5,NA,04315,1,1,1,1,1,1,1,2,11,2,2,2,2,2,2,2,2,2,2,2,1,NA,2,NA,NA,NA,NA,NA,NA,NA,NA,NA,NA,NA,NA,NA,7,5,7,8,3,3,4,7,1,8,7,5,3,8,3,NA,NA,NA,NA,6,8,7,7,"Finde es schwierig die Frage mit Vertrauen Sie dem Bundestag bzw. fühlen Sie sich von ihm repräsentiert zu beantworten, falls es sich auf die Institution als solche und nicht der aktuellen Zusammensetzung und Personal bezieht.",10,4,7,4,10,3,3,3,3,3,1,3,33,11,2,23,8,4,3,3,10,NA,5,4,NA,NA,17,101,30,46,90,51,53,31,53,25,23,NA,42,103,525,NA,46168.555347222,complete,1,0,29,29,11,2,0.81,25,1,Male,0,Since birth,1,0,6,7.5,3.3333333333333335,5.333333333333333,5.75,3,7,5.631578947368421,1.1428571428571428,35,7,7,FALSE,FALSE,FALSE,0,Non-migrant,1,1,1,1,1,0,1,2,2,2,2,2,NA,2,6,2
126,NA,NA,base,interview,ger,46168.590266204,1,NA,NA,1,NA,NA,1,NA,NA,1,0,1,1,1,1,1,NA,NA,NA,NA,NA,NA,1,8,NA,NA,1,2,1,1,1,1,1,1,1,1,1,1,NA,1999,1,1,14,NA,NA,NA,2,3,2,1,2,3,2,11,2,2,2,2,2,2,2,2,2,2,2,1,NA,2,NA,NA,NA,NA,NA,NA,NA,NA,NA,NA,NA,NA,NA,6,6,7,7,9,9,9,9,8,10,9,9,7,9,NA,NA,NA,NA,NA,10,10,7,6,NA,7,10,9,10,10,1,1,4,4,4,1,4,6,4,3,8,5,2,3,3,6,NA,4,2,NA,NA,8,19,10,21,17,28,26,17,47,24,12,NA,24,2,301,NA,46168.593796296,complete,1,0,29,29,13,2,1.53,27,0,Female,1,Since birth,1,0,6,7,9,9,8.5,NA,8.25,8.166666666666666,2.142857142857143,46,8.5,9.666666666666666,FALSE,FALSE,FALSE,0,Non-migrant,0,0,1,1,1,0,1,NA,NA,3,3,3,NA,3,4,3
127,NA,NA,base,interview,ger,46168.628240741,1,NA,NA,1,NA,NA,1,NA,NA,1,0,1,1,1,1,1,NA,NA,NA,NA,NA,NA,1,8,NA,NA,1,2,1,1,1,1,1,1,1,1,1,1,NA,1998,1,3,8,NA,NA,NA,2,2,1,2,2,4,3,3,1,1,1,2,2,1,1,1,1,1,2,1,NA,1,2,1,1,1,1,2,1,1,1,1,1,2,1,2,2,1,1,1,1,1,2,1,2,3,4,2,3,1,NA,NA,NA,NA,5,6,3,1,NA,10,4,6,1,10,3,2,3,1,3,1,2,32,8,16,14,10,3,2,2,6,NA,5,2,NA,NA,6,36,9,13,22,23,24,22,77,15,11,7,21,2,375,NA,46168.632731481,complete,1,0,29,29,13,2,1.4,28,NA,Diverse,1,Since birth,1,1,2,1,1,1.6666666666666667,3,1,3.75,2.210526315789474,2.2857142857142856,31,7,5.666666666666667,FALSE,FALSE,FALSE,0,Non-migrant,1,1,1,0,1,0,1,2,1,2,NA,2,NA,1,5,1.6
128,NA,NA,base,interview,eng,46168.643113426,1,NA,NA,NA,63,NA,1,NA,NA,1,0,1,1,1,1,1,63,NA,NA,NA,NA,NA,1,8,NA,NA,1,2,1,1,1,1,1,1,1,1,1,1,NA,1998,1,1,9,NA,97084,1,1,2,1,1,1,2,1,3,1,1,2,2,1,1,1,1,1,2,1,1,NA,2,NA,NA,NA,NA,NA,NA,NA,NA,NA,NA,NA,NA,NA,6,7,6,6,3,7,6,7,5,8,5,7,4,8,NA,NA,NA,NA,NA,8,8,6,NA,NA,10,NA,10,10,9,1,1,2,3,4,1,3,45,8,2,7,15,6,11,5,12,NA,4,15,NA,NA,11,34,22,49,31,30,36,26,39,14,3,NA,18,5,429,NA,46168.648298611,complete,1,0,29,29,16,8,1.05,28,0,Female,1,Since birth,1,0,6.5,6,5.333333333333333,6.666666666666667,6,NA,7.333333333333333,6.294117647058823,1.2857142857142858,39,10,9.666666666666666,FALSE,TRUE,FALSE,1,2nd gen,0,0,1,1,1,0,1,NA,NA,1,2,3,NA,2,4,2
129,NA,NA,base,interview,ger,46168.669525463,1,NA,NA,1,NA,NA,1,NA,NA,1,0,1,1,1,1,1,NA,NA,NA,NA,NA,NA,1,8,NA,NA,1,2,1,1,1,1,1,1,1,1,1,1,NA,1999,1,2,5,NA,NA,NA,1,1,1,1,1,2,1,NA,1,1,1,1,1,1,1,1,1,1,1,1,NA,NA,NA,NA,NA,NA,NA,NA,NA,NA,NA,NA,NA,NA,NA,5,5,5,5,7,5,9,8,7,8,8,8,8,10,NA,NA,NA,NA,NA,8,10,8,9,NA,NA,NA,NA,NA,NA,1,1,4,1,4,1,3,35,8,3,21,3,10,5,2,10,NA,25,2,NA,NA,26,27,15,33,24,44,23,37,44,14,8,NA,NA,NA,400,NA,46168.674375,NA,0,0,26,26,13,2,1.08,27,1,Male,0,Since birth,1,NA,5,5,7,7.666666666666667,8.5,NA,8.75,7.388888888888889,1.1428571428571428,NA,NA,NA,FALSE,FALSE,FALSE,0,Non-migrant,0,0,1,0,1,0,1,NA,NA,3,NA,3,NA,2,3,2.6666666666666665
131,NA,NA,base,interview,ger,46168.72525463,1,NA,NA,1,NA,NA,1,NA,NA,1,0,1,1,1,1,1,NA,NA,NA,NA,NA,NA,1,8,NA,NA,1,2,1,1,1,1,1,1,1,1,1,1,NA,2000,1,1,9,NA,NA,NA,1,1,1,1,1,2,1,6,1,2,2,2,1,1,1,2,2,2,1,1,NA,2,NA,NA,NA,NA,NA,NA,NA,NA,NA,NA,NA,NA,NA,4,5,5,5,4,3,4,7,2,8,7,6,4,7,4,NA,NA,NA,1,6,7,8,6,NA,9,3,6,6,9,1,1,1,1,4,1,4,12,10,3,20,6,7,5,5,7,NA,6,5,NA,NA,11,40,19,26,23,52,32,41,40,30,28,NA,36,6,450,NA,46168.730717593,complete,1,0,29,29,13,2,0.9,26,0,Female,1,Since birth,1,0,4.5,5,3.6666666666666665,5.666666666666667,6,2.5,6.75,5.15,1.1428571428571428,33,6,7,FALSE,FALSE,FALSE,0,Non-migrant,0,0,0,0,1,0,1,NA,NA,NA,NA,3,NA,3,2,3
132,NA,NA,base,interview,ger,46169.343055556,1,NA,NA,1,NA,NA,1,NA,NA,1,0,1,1,1,1,1,NA,NA,NA,NA,NA,NA,1,8,NA,NA,1,2,1,1,1,1,1,1,1,1,1,1,NA,1989,1,1,9,NA,12051,1,2,1,1,1,1,3,1,6,2,2,2,1,1,1,1,2,2,2,1,1,NA,2,NA,NA,NA,NA,NA,NA,NA,NA,NA,NA,NA,NA,NA,6,6,5,5,5,5,8,5,1,7,5,3,3,5,5,NA,NA,NA,5,9,8,9,8,NA,9,8,6,7,9,1,1,4,1,3,1,4,13,6,3,6,5,3,3,3,6,NA,6,5,NA,NA,8,18,11,24,12,30,23,22,39,20,6,NA,21,2,295,NA,46169.346481481,complete,1,0,29,29,13,2,1.42,37,0,Female,1,Since birth,1,0,6,5,6,4.333333333333333,4,5,8.5,5.65,1.4285714285714286,39,8.5,7.333333333333333,FALSE,FALSE,FALSE,0,Non-migrant,0,0,1,0,1,0,1,NA,NA,3,NA,2,NA,3,3,2.6666666666666665
133,NA,NA,base,interview,ger,46169.539247685,NA,136,NA,NA,136,NA,NA,136,NA,1,0,1,1,1,1,1,136,NA,NA,NA,NA,NA,7,7,NA,NA,1,2,1,1,1,1,1,1,1,1,1,1,NA,1972,1,1,9,NA,12355,1,1,1,2,1,2,3,1,4,2,1,1,1,1,1,2,2,1,2,1,1,NA,2,NA,NA,NA,NA,NA,NA,NA,NA,NA,NA,NA,NA,NA,3,3,9,8,8,8,8,9,8,8,8,7,7,9,3,4,3,7,9,5,7,6,4,NA,9,5,7,7,8,4,4,4,4,4,2,3,4,9,3,21,5,11,8,8,14,NA,17,10,NA,NA,9,33,30,24,35,41,44,24,59,21,11,NA,30,3,463,NA,46169.544733796,complete,1,0,29,29,11,4,0.89,54,0,Female,1,16+ years,1,0,3,8.5,8,8.333333333333334,7.75,5.2,5.5,6.565217391304348,1.5714285714285714,36,7,7.333333333333333,TRUE,TRUE,TRUE,1,1st gen,1,1,1,1,1,1,1,3,3,3,3,3,1,2,7,2.5714285714285716
134,NA,NA,base,interview,tur,46169.684085648,NA,NA,NA,NA,NA,NA,NA,NA,NA,NA,NA,NA,NA,NA,NA,NA,NA,NA,NA,NA,NA,NA,NA,NA,NA,NA,NA,NA,NA,NA,NA,NA,NA,NA,NA,NA,NA,NA,NA,1998,1,1,9,NA,NA,NA,NA,NA,NA,NA,NA,NA,NA,NA,NA,NA,NA,NA,NA,NA,NA,NA,NA,NA,NA,NA,NA,NA,NA,NA,NA,NA,NA,NA,NA,NA,NA,NA,NA,NA,NA,NA,NA,NA,NA,NA,NA,NA,NA,NA,NA,NA,NA,NA,NA,NA,NA,NA,NA,NA,NA,NA,NA,NA,NA,NA,NA,NA,NA,NA,NA,NA,NA,NA,NA,NA,NA,1189,8,3,10,NA,NA,NA,NA,NA,NA,NA,NA,NA,NA,NA,NA,NA,NA,NA,NA,NA,NA,NA,NA,NA,NA,NA,NA,29,NA,46169.698090278,NA,0,0,4,4,0,0,0.75,28,0,Female,1,NA,NA,NA,NA,NA,NA,NA,NA,NA,NA,NA,NA,NA,NA,NA,FALSE,FALSE,FALSE,0,Non-migrant,NA,NA,NA,NA,NA,NA,NA,NA,NA,NA,NA,NA,NA,NA,NA,NA
135,NA,NA,base,interview,eng,46169.687118056,2,NA,NA,2,NA,NA,2,NA,NA,2,1,2,1,1,1,1,NA,NA,NA,NA,NA,2,NA,2,1,1,1,2,1,1,1,1,1,1,1,1,1,1,NA,1993,1,1,9,NA,NA,NA,NA,NA,NA,NA,NA,NA,NA,NA,NA,NA,NA,NA,NA,NA,NA,NA,NA,NA,NA,NA,NA,NA,NA,NA,NA,NA,NA,NA,NA,NA,NA,NA,NA,NA,NA,1,1,4,4,4,5,3,NA,NA,NA,NA,NA,NA,NA,NA,NA,NA,NA,NA,NA,NA,NA,NA,NA,NA,NA,NA,NA,NA,1,3,1,NA,NA,NA,NA,3,9,3,18,11,4,6,5,13,19,NA,7,3,3,8,26,19,25,4001222,NA,NA,NA,NA,NA,NA,NA,NA,NA,207,NA,46215.999664352,NA,0,0,19,19,23,4,1.01,33,0,Female,1,6-15 years,0,NA,1,4,4,NA,NA,NA,NA,3.142857142857143,NA,NA,NA,NA,TRUE,TRUE,TRUE,1,1st gen,0,1,0,NA,NA,NA,NA,NA,2,NA,NA,NA,NA,NA,1,2
136,NA,NA,base,interview,ger,46169.687268519,1,NA,NA,1,NA,NA,NA,137,NA,1,0,1,1,1,1,1,-2,Portugiesisch,NA,NA,NA,NA,1,8,NA,NA,1,2,1,1,1,1,1,1,1,1,1,1,NA,2003,1,1,8,NA,60599,1,NA,NA,NA,NA,NA,NA,NA,NA,NA,NA,NA,NA,NA,NA,NA,NA,NA,NA,NA,NA,NA,NA,NA,NA,NA,NA,NA,NA,NA,NA,NA,NA,NA,NA,NA,7,8,NA,NA,8,8,8,NA,NA,NA,NA,NA,NA,NA,NA,NA,NA,NA,NA,NA,NA,NA,NA,NA,NA,NA,NA,NA,NA,4,4,4,NA,NA,NA,NA,8,5,3,5,5,3,4,6,23,NA,6,4,NA,NA,4,74,166,69,4508,NA,NA,NA,NA,NA,NA,NA,NA,NA,222,NA,46169.743912037,NA,0,0,19,19,21,6,1.06,23,0,Female,1,Since birth,1,NA,7.5,NA,8,NA,NA,NA,NA,7.8,NA,NA,NA,NA,FALSE,FALSE,TRUE,1,2nd gen,1,1,1,NA,NA,NA,NA,3,3,3,NA,NA,NA,NA,3,3
137,NA,NA,base,interview,tur,46169.687407407,2,NA,NA,NA,27,NA,NA,27,NA,2,1,2,1,1,1,1,27,NA,NA,NA,NA,4,NA,1,1,1,NA,1,1,1,1,1,1,1,1,1,1,1,NA,2001,1,1,9,NA,60599,1,2,3,2,1,3,4,3,4,1,1,2,2,1,1,2,1,1,1,1,2,Konuşulan dil,NA,NA,NA,NA,NA,NA,NA,NA,NA,NA,NA,NA,NA,NA,5,5,7,7,6,7,5,NA,NA,NA,5,8,5,8,3,6,4,3,NA,NA,NA,NA,NA,NA,7,7,7,7,7,1,1,1,1,4,1,1,8,44,3,21,4,4,8,7,16,4,NA,33,3,95,16,67,9,18,9,23,29,42,27,24,6,NA,16,3,384,NA,46169.693657407,complete,1,0,29,29,11,3,1.16,25,0,Female,1,0-5 years,0,NA,5,7,6,NA,6.5,4,NA,5.6,2.5714285714285716,35,7,7,TRUE,TRUE,TRUE,1,1st gen,0,0,0,0,1,0,0,NA,NA,NA,NA,3,NA,NA,1,3
138,NA,NA,base,interview,tur,46169.690636574,2,NA,NA,NA,NA,NA,NA,NA,NA,NA,NA,NA,NA,NA,NA,NA,NA,NA,NA,NA,NA,NA,NA,NA,NA,NA,NA,NA,NA,NA,NA,NA,NA,NA,NA,NA,NA,NA,NA,NA,-2,3,14,NA,NA,NA,NA,NA,NA,NA,NA,NA,NA,NA,NA,NA,NA,NA,NA,NA,NA,NA,NA,NA,NA,NA,NA,NA,NA,NA,NA,NA,NA,NA,NA,NA,NA,NA,NA,NA,NA,NA,NA,NA,NA,NA,NA,NA,NA,NA,NA,NA,NA,NA,NA,NA,NA,NA,NA,NA,NA,NA,NA,NA,NA,NA,NA,NA,NA,NA,NA,NA,NA,NA,NA,NA,NA,4,5,2,3,3,3,NA,NA,NA,NA,NA,NA,NA,NA,NA,NA,NA,NA,NA,NA,NA,NA,NA,NA,NA,NA,NA,NA,20,NA,46169.690868056,NA,0,0,6,6,17,5,2.02,NA,NA,Diverse,1,NA,NA,NA,NA,NA,NA,NA,NA,NA,NA,NA,NA,NA,NA,NA,TRUE,FALSE,FALSE,1,1st gen,NA,NA,NA,NA,NA,NA,NA,NA,NA,NA,NA,NA,NA,NA,NA,NA
139,NA,NA,base,interview,eng,46169.691979167,2,NA,NA,NA,195,NA,2,NA,NA,2,1,2,1,1,1,1,NA,NA,NA,NA,NA,4,NA,2,1,1,1,2,1,1,1,1,1,1,1,1,1,1,NA,1978,1,2,9,NA,NA,NA,3,3,2,4,3,3,3,2,2,1,1,1,1,1,1,1,1,2,1,1,NA,1,6,2,2,1,1,1,2,2,1,2,2,1,1,6,6,6,6,3,3,3,5,5,5,6,6,6,6,4,3,5,5,NA,7,7,7,7,"One of the biggest issues is that German society is not used to high educated non-Westerners, when compared to Anglosphere (US, Canada, UK, Australia) and Netherlands. German society is more closed to foreigners in that sense.",7,7,7,7,7,1,1,1,1,3,3,3,29,18,4,16,8,10,12,6,31,6,NA,6,6,4,11,42,18,21,20,52,43,38,67,21,18,20,37,181,538,NA,46169.700601852,complete,1,0,29,29,11,3,0.75,48,1,Male,1,6-15 years,0,1,6,6,3,5,6,4.25,7,5.318181818181818,3,35,7,7,TRUE,TRUE,TRUE,1,1st gen,0,0,0,0,1,1,1,NA,NA,NA,NA,2,2,2,3,2
140,NA,NA,base,interview,tur,46169.694675926,NA,NA,NA,NA,NA,NA,NA,NA,NA,NA,NA,NA,NA,NA,NA,NA,NA,NA,NA,NA,NA,NA,NA,NA,NA,NA,NA,NA,NA,NA,NA,NA,NA,NA,NA,NA,NA,NA,NA,2000,1,1,8,NA,NA,NA,NA,NA,NA,NA,NA,NA,NA,NA,NA,NA,NA,NA,NA,NA,NA,NA,NA,NA,NA,NA,NA,NA,NA,NA,NA,NA,NA,NA,NA,NA,NA,NA,NA,NA,NA,NA,NA,NA,NA,NA,NA,NA,NA,NA,NA,NA,NA,NA,NA,NA,NA,NA,NA,NA,NA,NA,NA,NA,NA,NA,NA,NA,NA,NA,NA,NA,NA,NA,NA,NA,NA,2,7,2,7,NA,NA,NA,NA,NA,NA,NA,NA,NA,NA,NA,NA,NA,NA,NA,NA,NA,NA,NA,NA,NA,NA,NA,NA,18,NA,46169.694884259,NA,0,0,4,4,0,0,1.77,26,0,Female,1,NA,NA,NA,NA,NA,NA,NA,NA,NA,NA,NA,NA,NA,NA,NA,FALSE,FALSE,FALSE,0,Non-migrant,NA,NA,NA,NA,NA,NA,NA,NA,NA,NA,NA,NA,NA,NA,NA,NA
141,NA,NA,base,interview,tur,46169.697002315,2,NA,NA,2,NA,NA,2,NA,NA,2,1,2,1,1,1,1,NA,NA,NA,NA,NA,1,NA,1,1,1,1,1,1,1,1,1,1,1,1,1,1,2,Turkish,2001,1,1,9,NA,NA,NA,1,1,1,1,1,1,1,NA,NA,NA,NA,NA,NA,NA,NA,NA,NA,NA,NA,NA,NA,2,NA,NA,NA,NA,NA,NA,NA,NA,NA,NA,NA,NA,NA,6,5,7,6,1,3,1,8,8,8,4,6,5,5,8,7,NA,8,NA,7,9,7,9,NA,10,1,7,5,6,1,1,1,1,1,3,4,4,5,4,18,4,4,5,4,8,14,NA,3,4,3,40,13,10,18,13,22,48,41,313,NA,5,NA,22,4,343,NA,46169.704282407,complete,1,0,29,29,12,2,1.27,25,0,Female,1,0-5 years,0,0,5.5,6.5,1.6666666666666667,8,5,7.666666666666667,8,6.095238095238095,1,29,5.5,6,TRUE,TRUE,TRUE,1,1st gen,0,0,0,0,0,1,1,NA,NA,NA,NA,NA,2,3,2,2.5
142,NA,NA,base,interview,tur,46169.69900463,2,NA,NA,2,NA,NA,2,NA,NA,2,1,2,1,1,1,1,NA,NA,NA,NA,NA,2,NA,1,1,3,1,1,1,1,1,1,1,1,1,1,1,2,turkish-anatolian,1998,1,1,9,NA,60435,1,1,1,3,1,1,1,1,2,2,1,1,1,1,1,2,1,1,1,1,1,NA,1,1,1,1,1,1,1,2,1,1,1,1,1,1,2,2,2,1,2,1,1,2,2,2,5,5,3,7,2,3,1,2,NA,2,2,2,1,NA,9,2,2,5,4,3,1,3,1,4,3,3,1,6,2,5,9,5,5,4,11,6,NA,7,3,7,30,16,8,15,12,25,17,18,24,11,5,8,22,2,284,NA,46169.702303241,complete,1,0,29,29,12,2,1.53,28,0,Female,1,0-5 years,0,1,2,1.5,1.3333333333333333,2,5,2,1.75,2.3636363636363638,1.2857142857142858,22,5.5,3.6666666666666665,TRUE,TRUE,TRUE,1,1st gen,1,0,1,0,1,1,1,2,NA,2,NA,3,2,2,5,2.2
143,NA,NA,base,interview,tur,46169.706967593,2,NA,NA,2,NA,NA,2,NA,NA,2,1,2,1,1,1,1,NA,NA,NA,NA,NA,1,NA,1,1,1,1,1,1,1,1,1,1,1,1,1,1,2,Kurdish,1996,1,1,8,NA,60433,1,2,2,4,1,1,3,3,2,2,1,1,1,1,1,2,1,1,1,1,1,NA,1,2,2,1,1,1,1,1,2,1,1,1,1,1,NA,NA,NA,2,5,6,4,8,6,7,5,NA,6,3,NA,NA,NA,NA,NA,NA,NA,NA,NA,NA,5,3,NA,8,NA,1,1,1,1,1,1,1,119,7,2,14,7,3,3,3,7,4,NA,50,2,2,32,245,90,20,16,92,14,13,169,18,11,11,28,3,384,NA,46169.718368056,complete,1,0,29,29,12,2,1.16,30,0,Female,1,0-5 years,0,1,NA,2,5,7,4.666666666666667,NA,NA,5.2,2.2857142857142856,16,4,8,TRUE,TRUE,TRUE,1,1st gen,0,0,0,0,0,0,0,NA,NA,NA,NA,NA,NA,NA,0,NA
144,NA,NA,base,interview,tur,46169.741053241,2,NA,NA,2,NA,NA,2,NA,NA,2,1,2,1,1,1,1,NA,NA,NA,NA,NA,2,NA,1,1,1,1,2,1,1,1,1,1,1,1,1,1,1,NA,1998,1,2,9,NA,NA,NA,2,2,2,1,1,2,1,4,2,2,1,1,1,2,1,1,1,2,1,1,NA,1,2,2,2,1,1,1,1,1,1,1,1,1,1,6,3,6,2,6,7,4,8,7,5,4,4,3,9,4,8,4,6,NA,8,4,6,6,NA,7,2,1,6,6,1,1,1,1,1,3,3,25,5,2,11,6,2,4,2,6,5,NA,2,3,2,17,15,11,13,28,21,20,31,28,21,15,6,25,2,328,NA,46169.744849537,complete,1,0,29,29,12,2,1.54,28,1,Male,1,0-5 years,0,1,4.5,4,5.666666666666667,6.666666666666667,5,5.5,6,5.454545454545454,1.5714285714285714,22,4.5,4.333333333333333,TRUE,TRUE,TRUE,1,1st gen,0,0,0,0,0,1,1,NA,NA,NA,NA,NA,2,2,2,2
145,NA,NA,base,interview,eng,46169.741342593,2,NA,NA,2,NA,NA,2,NA,NA,2,1,2,1,1,1,1,NA,NA,NA,NA,NA,2,NA,1,1,1,1,2,1,1,1,1,1,1,1,1,1,1,NA,1998,1,1,9,NA,NA,NA,2,2,1,1,2,2,1,3,2,1,1,1,1,1,2,1,1,2,1,1,NA,1,4,2,1,1,1,1,2,2,1,1,2,1,1,6,5,5,6,6,7,7,6,8,7,7,5,6,5,5,5,5,5,NA,5,5,5,5,NA,8,7,6,5,7,1,1,1,1,1,3,1,8,8,3,14,4,10,7,6,10,12,NA,4,5,5,58,51,21,59,91,34,46,52,78,16,12,24,63,4,591,NA,46169.749502315,complete,1,0,29,29,12,2,0.79,28,0,Female,1,0-5 years,0,1,5.5,5.5,6.666666666666667,7,5.75,5,5,5.7272727272727275,1.5714285714285714,33,7.5,6,TRUE,TRUE,TRUE,1,1st gen,0,0,0,0,0,1,0,NA,NA,NA,NA,NA,2,NA,1,2
147,NA,NA,base,interview,tur,46169.789641204,1,NA,NA,2,NA,NA,2,NA,NA,2,1,2,1,1,1,1,NA,NA,NA,NA,NA,2,NA,3,1,1,1,1,1,1,2,1,1,1,1,1,1,1,NA,1985,1,1,9,NA,60311,1,3,2,2,1,1,3,1,3,2,2,1,1,1,1,2,1,1,1,1,1,NA,1,4,2,2,1,1,1,2,1,1,1,2,1,1,2,2,2,2,8,8,8,4,3,7,3,3,2,1,1,1,1,1,NA,7,8,8,8,NA,10,8,2,7,5,1,4,1,1,1,2,4,42,9,2,16,7,8,5,4,16,16,NA,8,7,3,15,61,40,26,51,44,17,35,96,26,3,13,27,5,602,NA,46169.796608796,complete,1,0,29,29,12,2,0.9,41,0,Female,1,6-15 years,0,1,2,2,8,4.666666666666667,2.25,1,7.75,4.090909090909091,1.8571428571428572,32,9,4.666666666666667,FALSE,TRUE,TRUE,1,2nd gen,0,1,0,0,0,1,1,NA,3,NA,NA,NA,1,3,3,2.3333333333333335
148,NA,NA,base,interview,ger,46169.974548611,1,NA,NA,1,NA,NA,1,NA,NA,1,0,1,1,1,1,1,NA,NA,NA,NA,NA,NA,1,8,NA,NA,1,2,1,1,1,1,1,1,1,1,1,1,NA,1991,1,2,14,NA,55131,1,2,2,1,1,2,2,3,1,1,1,1,1,1,1,1,1,1,2,1,1,NA,2,NA,NA,NA,NA,NA,NA,NA,NA,NA,NA,NA,NA,NA,3,2,4,4,4,2,3,4,2,5,5,3,3,5,NA,NA,NA,NA,NA,6,4,6,5,NA,9,6,6,3,6,1,1,3,3,2,1,3,10,6,2,7,5,4,3,2,10,NA,3,2,NA,NA,5,28,18,22,29,37,12,16,45,9,4,NA,24,3,306,NA,46169.978090278,complete,1,0,29,29,13,2,1.54,35,1,Male,1,Since birth,1,0,2.5,4,3,3.6666666666666665,4,NA,5.25,3.888888888888889,1.8571428571428572,30,7.5,5,FALSE,FALSE,FALSE,0,Non-migrant,0,0,1,1,1,0,1,NA,NA,2,2,1,NA,2,4,1.75
149,NA,NA,base,interview,tur,46169.982418981,2,NA,NA,2,NA,NA,2,NA,NA,2,0,1,1,1,1,1,NA,NA,NA,NA,NA,3,NA,2,1,1,1,2,1,1,1,1,1,1,1,1,1,1,NA,NA,NA,NA,8,NA,60528,1,3,1,3,1,1,2,1,3,2,1,2,2,1,1,1,1,1,1,1,1,NA,1,2,2,1,2,1,1,1,1,1,1,1,1,1,6,3,7,7,9,9,8,9,9,9,8,8,8,8,5,9,2,7,NA,9,9,9,6,NA,10,4,3,9,4,1,1,1,1,4,3,4,6,4,7,10,9,4,4,3,7,20,NA,4,4,2,16,50,17,71,24,34,43,31,83,20,7,19,33,4,491,NA,46169.988622685,complete,1,0,29,29,12,2,1.03,NA,NA,NA,1,6-15 years,0,1,4.5,7,8.666666666666666,9,8,5.75,8.25,7.454545454545454,1.7142857142857142,30,7,5.333333333333333,TRUE,TRUE,TRUE,1,1st gen,0,0,0,0,1,1,1,NA,NA,NA,NA,3,2,3,3,2.6666666666666665
150,NA,NA,base,interview,eng,46170.303726852,NA,NA,NA,NA,NA,NA,NA,NA,NA,NA,NA,NA,NA,NA,NA,NA,NA,NA,NA,NA,NA,NA,NA,NA,NA,NA,NA,NA,NA,NA,NA,NA,NA,NA,NA,NA,NA,NA,NA,2003,1,1,8,NA,NA,NA,NA,NA,NA,NA,NA,NA,NA,NA,NA,NA,NA,NA,NA,NA,NA,NA,NA,NA,NA,NA,NA,NA,NA,NA,NA,NA,NA,NA,NA,NA,NA,NA,NA,NA,NA,NA,NA,NA,NA,NA,NA,NA,NA,NA,NA,NA,NA,NA,NA,NA,NA,NA,NA,NA,NA,NA,NA,NA,NA,NA,NA,NA,NA,NA,NA,NA,NA,NA,NA,NA,NA,8,23,3,9,3,NA,NA,NA,NA,NA,NA,NA,NA,NA,NA,NA,NA,NA,NA,NA,NA,NA,NA,NA,NA,NA,NA,NA,31,NA,46170.304259259,NA,0,0,5,5,0,0,1.09,23,0,Female,1,NA,NA,NA,NA,NA,NA,NA,NA,NA,NA,NA,NA,NA,NA,NA,FALSE,FALSE,FALSE,0,Non-migrant,NA,NA,NA,NA,NA,NA,NA,NA,NA,NA,NA,NA,NA,NA,NA,NA
151,NA,NA,base,interview,eng,46170.394606481,NA,150,NA,NA,150,NA,NA,150,NA,2,0,1,1,1,1,1,150,NA,NA,NA,NA,2,NA,2,1,1,1,2,1,1,1,1,1,1,1,1,1,1,NA,1997,1,1,8,NA,60488,1,1,1,2,1,1,1,1,11,2,2,2,2,2,2,2,2,2,2,2,1,NA,1,3,2,1,1,1,1,2,2,1,1,1,1,1,6,3,5,3,3,5,5,8,7,8,5,3,NA,5,8,7,3,9,NA,NA,8,9,NA,NA,8,5,5,8,7,1,3,4,4,4,4,4,32,8,4,11,7,18,10,6,20,12,NA,7,3,4,9,52,29,38,29,47,46,34,68,38,12,20,45,5,614,NA,46170.401712963,complete,1,0,29,29,11,4,0.74,29,0,Female,1,6-15 years,0,1,4.5,4,4.333333333333333,7.666666666666667,4.333333333333333,6.75,8.5,5.7894736842105265,1.1428571428571428,33,6.5,6.666666666666667,TRUE,TRUE,TRUE,1,1st gen,0,1,1,1,1,1,1,NA,2,3,3,3,3,3,6,2.8333333333333335
152,NA,NA,base,interview,eng,46170.421446759,1,NA,NA,1,NA,NA,1,NA,NA,1,0,1,1,1,1,1,NA,NA,NA,NA,NA,NA,1,8,NA,NA,1,2,1,1,1,1,1,1,1,1,1,1,NA,2002,1,1,8,NA,NA,NA,NA,NA,NA,NA,NA,NA,NA,NA,NA,NA,NA,NA,NA,NA,NA,NA,NA,NA,NA,NA,NA,NA,NA,NA,NA,NA,NA,NA,NA,NA,NA,NA,NA,NA,NA,NA,NA,NA,NA,NA,NA,NA,NA,NA,NA,NA,NA,NA,NA,NA,NA,NA,NA,NA,NA,NA,NA,NA,NA,NA,NA,NA,NA,NA,NA,NA,NA,NA,NA,NA,NA,4,13,2,6,3,4,3,7,11,NA,3,4,NA,NA,4,NA,NA,NA,NA,NA,NA,NA,NA,NA,NA,NA,NA,NA,64,NA,46170.4221875,NA,0,0,15,15,37,9,1.52,24,0,Female,1,Since birth,1,NA,NA,NA,NA,NA,NA,NA,NA,NA,NA,NA,NA,NA,FALSE,FALSE,FALSE,0,Non-migrant,NA,NA,NA,NA,NA,NA,NA,NA,NA,NA,NA,NA,NA,NA,NA,NA
154,NA,NA,base,interview,rus,46171.412141204,NA,NA,NA,NA,NA,NA,NA,NA,NA,2,NA,1,1,1,1,1,NA,NA,NA,NA,NA,8,NA,1,1,1,1,2,1,1,1,1,1,1,1,1,1,1,NA,NA,NA,1,9,NA,NA,NA,1,1,1,1,1,1,1,NA,NA,NA,NA,NA,NA,NA,NA,NA,NA,NA,NA,NA,NA,2,NA,NA,NA,NA,NA,NA,NA,NA,NA,NA,NA,NA,NA,5,5,5,6,7,7,7,6,6,6,3,3,1,1,7,7,7,8,NA,6,6,6,6,NA,7,6,6,6,7,1,1,1,1,1,4,4,13,7,2,10,4,5,5,2,14,8,NA,3,3,2,4,12,14,14,15,33,25,79,50,NA,21,NA,25,4,311,NA,46171.416469907,complete,1,0,29,29,13,2,1.35,NA,0,Female,1,0-5 years,0,0,5,5.5,7,6,2,7.25,6,5.5,1,32,6.5,6.333333333333333,FALSE,FALSE,FALSE,0,Non-migrant,0,0,0,0,0,1,1,NA,NA,NA,NA,NA,3,3,2,3
162,NA,NA,base,interview,ger,46174.521180556,1,NA,NA,1,NA,NA,1,NA,NA,1,0,1,1,1,1,1,NA,NA,NA,NA,NA,NA,1,8,NA,NA,1,2,1,1,1,1,1,1,1,1,1,1,NA,1999,1,2,9,NA,60594,1,2,2,1,1,1,2,2,1,1,1,1,1,2,1,1,1,1,1,1,1,NA,1,1,1,1,1,1,2,1,1,1,1,1,1,1,8,7,8,7,7,6,6,9,8,9,9,8,9,10,6,NA,NA,NA,NA,8,8,9,7,NA,7,9,8,8,10,4,4,3,4,4,1,4,4,7,2,5,6,4,6,2,20,NA,4,4,NA,NA,8,38,20,30,30,28,29,19,45,19,10,4,23,224,371,NA,46174.528020833,complete,1,0,29,29,13,2,1.26,27,1,Male,1,Since birth,1,1,7.5,7.5,6.333333333333333,8.666666666666666,9,6,8,7.842105263157895,1.5714285714285714,42,8,8.666666666666666,FALSE,FALSE,FALSE,0,Non-migrant,1,1,1,1,1,0,1,3,3,2,3,3,NA,3,6,2.8333333333333335
163,NA,NA,base,interview,spa,46174.525393519,NA,80,NA,NA,80,NA,NA,80,NA,2,0,1,1,1,1,1,NA,NA,NA,NA,NA,2,NA,1,3,3,2,1,1,2,1,1,1,1,1,1,2,1,NA,1997,1,1,8,NA,NA,NA,4,3,1,1,2,3,3,1,2,1,1,1,1,1,1,1,1,1,1,1,NA,1,1,2,1,1,1,1,1,1,1,1,1,1,1,8,3,9,9,1,3,6,8,8,8,5,7,3,10,7,8,6,7,NA,8,8,8,8,NA,3,4,NA,8,3,3,4,3,1,3,3,1,3,5,5,8,3,8,6,4,19,9,NA,5,2,4,16,22,18,23,24,52,38,35,61,12,3,9,35,2,431,NA,46174.530393519,complete,1,0,29,29,12,4,1.24,29,0,Female,1,0-5 years,0,1,5.5,9,3.3333333333333335,8,6.25,7,8,6.7272727272727275,2.4285714285714284,18,3.5,5.5,TRUE,TRUE,TRUE,1,1st gen,1,1,1,0,1,1,0,2,3,2,NA,2,2,NA,5,2.2
164,NA,NA,base,interview,eng,46174.573645833,NA,NA,NA,NA,NA,NA,2,NA,NA,2,1,2,1,1,1,1,NA,NA,NA,NA,NA,2,NA,1,1,1,1,1,1,1,1,1,1,1,1,1,1,2,Cosmopolitan,NA,NA,NA,NA,NA,NA,NA,2,2,1,1,1,2,1,1,1,1,1,1,1,1,1,1,1,1,1,2,LANGUAGE,2,NA,NA,NA,NA,NA,NA,NA,NA,NA,NA,NA,NA,NA,2,2,4,2,6,6,5,4,3,4,4,2,4,4,4,4,2,3,NA,4,4,3,3,I failed to see how immigrants (1year or less) could give experienced answers. S,8,9,3,8,3,3,3,3,1,1,3,3,65,12,5,26,6,11,9,8,16,9,NA,8,5,3,33,56,45,51,44,59,45,45,103,33,12,NA,50,70,683,NA,46174.583240741,complete,1,0,29,29,10,2,0.61,NA,NA,NA,NA,0-5 years,0,0,2,3,5.666666666666667,3.6666666666666665,3.5,3.25,3.5,3.590909090909091,1.4285714285714286,31,8.5,4.666666666666667,FALSE,FALSE,TRUE,1,2nd gen,1,1,1,0,0,1,1,2,2,2,NA,NA,2,2,5,2
167,NA,NA,base,interview,eng,46174.59224537,2,NA,NA,2,NA,NA,2,NA,NA,2,0,1,1,1,1,1,NA,NA,NA,NA,NA,2,NA,1,1,1,1,1,1,1,1,1,1,1,1,1,1,2,Turkish,1996,1,2,8,NA,60489,1,2,2,2,2,1,2,1,4,2,2,1,1,1,2,2,1,1,1,1,1,NA,1,4,2,2,1,1,1,2,2,1,1,1,1,1,8,NA,8,NA,6,7,4,4,7,6,1,1,1,1,5,9,NA,5,NA,8,9,9,8,NA,2,2,7,7,7,1,1,1,1,1,4,4,73,7,5,13,10,12,9,3,6,7,NA,5,5,2,21,31,25,20,23,22,27,32,55,29,9,11,27,3,427,NA,46174.597951389,complete,1,0,29,29,12,2,1.01,30,1,Male,1,0-5 years,0,1,8,8,5.666666666666667,5.666666666666667,1,6.333333333333333,8.5,5.631578947368421,1.7142857142857142,25,2,7,TRUE,TRUE,TRUE,1,1st gen,0,0,0,0,0,1,1,NA,NA,NA,NA,NA,3,3,2,3
169,NA,NA,base,interview,eng,46174.683171296,1,NA,NA,1,NA,NA,2,NA,NA,1,0,1,1,1,1,1,NA,NA,NA,NA,NA,NA,1,8,NA,NA,1,2,1,1,1,1,1,1,1,1,1,1,NA,2000,1,3,8,NA,NA,NA,1,5,1,1,1,5,1,3,1,1,2,2,1,1,1,2,1,1,1,1,NA,2,NA,NA,NA,NA,NA,NA,NA,NA,NA,NA,NA,NA,NA,5,3,7,7,1,1,1,9,7,6,6,3,1,4,NA,NA,NA,NA,NA,10,6,10,6,results are probably obscured by lack of issue-based input could be given,10,8,10,1,7,3,1,2,3,3,3,3,5,8,7,10,3,4,4,13,14,NA,3,3,NA,NA,11,123,21,16,53,407,44,55,171,17,12,NA,91,235,461,NA,46174.698576389,complete,1,0,29,29,11,2,0.9,26,NA,Diverse,1,Since birth,1,0,4,7,1,7.333333333333333,3.5,NA,8,5.166666666666667,2.142857142857143,36,9,6,FALSE,FALSE,TRUE,1,2nd gen,1,0,1,1,1,1,1,2,NA,1,2,2,2,2,6,1.8333333333333333
170,NA,NA,base,interview,eng,46174.694618056,NA,-2,Taiwan,NA,NA,NA,NA,-2,Taiwan,2,0,1,1,1,1,1,NA,NA,NA,NA,NA,2,NA,1,1,1,1,1,1,1,1,1,2,1,1,1,1,1,NA,2002,1,1,8,NA,60487,1,2,2,1,NA,1,NA,2,3,2,2,2,1,1,1,1,1,1,1,1,1,NA,2,NA,NA,NA,NA,NA,NA,NA,NA,NA,NA,NA,NA,NA,4,2,4,3,5,6,5,7,6,7,4,3,4,5,5,5,5,5,NA,6,7,6,7,NA,3,4,5,4,4,1,1,4,1,4,4,4,32,5,2,12,7,27,3,8,26,8,NA,4,4,2,7,26,35,20,20,28,27,25,79,18,12,NA,25,2,443,NA,46174.7,complete,1,0,29,29,11,3,1.1,24,0,Female,1,0-5 years,0,0,3,3.5,5.333333333333333,6.666666666666667,4,5,6.5,5.045454545454546,1.6,20,3.5,4.333333333333333,TRUE,FALSE,TRUE,1,1st gen,0,0,1,0,1,1,1,NA,NA,3,NA,3,3,3,4,3
171,NA,NA,base,interview,eng,46174.712233796,7,NA,NA,NA,NA,NA,NA,NA,NA,2,NA,1,1,1,1,1,NA,NA,NA,NA,NA,2,NA,1,NA,NA,NA,NA,NA,NA,NA,NA,NA,NA,NA,NA,NA,NA,NA,NA,NA,2,9,NA,NA,NA,NA,NA,NA,NA,NA,NA,NA,NA,NA,NA,NA,NA,NA,NA,NA,NA,NA,NA,NA,NA,NA,NA,NA,NA,NA,NA,NA,NA,NA,NA,NA,NA,NA,NA,NA,NA,NA,NA,NA,NA,NA,NA,NA,NA,NA,NA,NA,NA,NA,NA,NA,NA,NA,NA,NA,NA,NA,NA,NA,NA,NA,NA,NA,NA,NA,NA,NA,NA,NA,NA,NA,9,8,4,9,5,7,5,3,13,10,NA,13,NA,NA,NA,NA,NA,NA,NA,NA,NA,NA,NA,NA,NA,NA,NA,NA,78,NA,46174.713229167,NA,0,0,12,12,44,16,0.93,NA,1,Male,1,0-5 years,0,NA,NA,NA,NA,NA,NA,NA,NA,NA,NA,NA,NA,NA,TRUE,FALSE,FALSE,1,1st gen,NA,NA,NA,NA,NA,NA,NA,NA,NA,NA,NA,NA,NA,NA,NA,NA
174,NA,NA,base,interview,eng,46174.770300926,NA,NA,NA,NA,NA,NA,NA,NA,NA,2,0,1,1,1,1,1,NA,NA,NA,NA,NA,1,NA,1,NA,NA,1,2,1,1,1,1,1,1,1,1,1,1,NA,2000,1,1,9,NA,NA,NA,1,2,NA,1,2,1,1,2,1,1,1,2,1,1,1,1,1,2,1,1,NA,NA,NA,NA,NA,NA,NA,NA,NA,NA,NA,NA,NA,NA,NA,1,1,4,2,1,1,1,2,2,2,NA,NA,NA,NA,1,2,3,2,NA,4,4,4,4,NA,5,4,1,NA,3,NA,1,3,NA,1,3,3,28,6,2,13,3,10,4,3,10,5,NA,4,6,14,14,27,30,21,21,68,23,27,53,28,8,NA,29,2,449,NA,46174.775625,complete,1,0,29,29,11,2,1.08,26,0,Female,1,0-5 years,0,NA,1,3,1,2,NA,2,4,2.2777777777777777,1.3333333333333333,13,4.5,2,FALSE,FALSE,FALSE,0,Non-migrant,NA,0,1,NA,0,1,1,NA,NA,2,NA,NA,2,2,3,2
175,NA,NA,base,interview,ger,46175.592638889,1,NA,NA,1,NA,NA,NA,66,NA,1,0,1,1,1,1,1,-2,Italienisch,NA,NA,NA,NA,1,8,NA,NA,1,2,1,1,1,1,1,1,1,1,1,1,NA,1998,1,1,8,NA,60599,1,NA,NA,NA,NA,NA,NA,NA,NA,NA,NA,NA,NA,NA,NA,NA,NA,NA,NA,NA,NA,NA,NA,NA,NA,NA,NA,NA,NA,NA,NA,NA,NA,NA,NA,NA,6,4,8,7,2,2,2,5,4,6,8,6,5,8,NA,NA,NA,NA,NA,NA,NA,NA,NA,NA,NA,NA,NA,NA,NA,3,1,2,1,3,NA,NA,3,7,3,5,8,11,4,6,15,NA,5,2,NA,NA,15,30,19,21,17,32,NA,NA,NA,NA,NA,NA,NA,NA,203,NA,46175.595,NA,0,0,20,20,16,4,1.25,28,0,Female,1,Since birth,1,NA,5,7.5,2,5,6.75,NA,NA,5.214285714285714,NA,NA,NA,NA,FALSE,FALSE,TRUE,1,2nd gen,1,0,1,0,1,NA,NA,2,NA,1,NA,2,NA,NA,3,1.6666666666666667
176,NA,NA,base,interview,ger,46175.7059375,1,NA,NA,1,NA,NA,1,NA,NA,1,0,1,1,1,1,1,NA,NA,NA,NA,NA,NA,1,8,NA,NA,1,2,1,1,1,1,1,1,1,1,1,1,NA,2005,1,1,5,NA,35043,1,3,2,1,1,1,2,2,11,2,2,2,2,2,2,2,2,2,2,2,1,NA,2,NA,NA,NA,NA,NA,NA,NA,NA,NA,NA,NA,NA,NA,7,7,7,8,8,8,9,8,6,9,7,4,3,8,8,NA,NA,NA,NA,9,10,10,7,NA,6,7,5,7,9,1,4,4,1,3,1,4,3,19,2,27,9,6,4,2,18,NA,6,6,NA,NA,19,57,35,37,27,75,60,53,85,48,20,NA,65,35,636,NA,46175.714247685,complete,1,0,29,29,13,2,0.81,21,0,Female,0,Since birth,1,0,7,7.5,8.333333333333334,7.666666666666667,5.5,8,9,7.526315789473684,1.7142857142857142,34,6.5,7,FALSE,FALSE,FALSE,0,Non-migrant,0,1,1,0,1,0,1,NA,3,3,NA,2,NA,3,4,2.75
177,NA,NA,base,interview,ger,46175.707083333,1,NA,NA,1,NA,NA,1,NA,NA,1,0,1,1,1,1,1,NA,NA,NA,NA,NA,NA,1,8,NA,NA,1,2,1,1,1,1,1,1,1,1,1,1,NA,2001,1,1,8,NA,35037,1,2,2,3,1,3,3,3,2,1,1,2,2,1,1,1,1,1,1,1,1,NA,2,NA,NA,NA,NA,NA,NA,NA,NA,NA,NA,NA,NA,NA,7,6,4,5,3,3,7,7,5,8,8,6,7,9,2,NA,NA,NA,NA,8,8,9,8,NA,10,9,8,7,10,4,2,2,1,4,2,4,3,4,1,5,5,3,4,2,5,NA,3,4,NA,NA,3,18,9,28,13,27,18,18,46,9,6,NA,19,1,254,NA,46175.710023148,complete,1,0,29,29,13,2,1.91,25,0,Female,1,Since birth,1,0,6.5,4.5,4.333333333333333,6.666666666666667,7.5,2,8.25,6.315789473684211,2.4285714285714284,44,9.5,8.333333333333334,FALSE,FALSE,FALSE,0,Non-migrant,1,1,1,0,1,1,1,3,1,1,NA,3,1,3,6,2
178,NA,NA,base,interview,ger,46175.764884259,1,NA,NA,1,NA,NA,1,NA,NA,1,0,1,1,1,1,1,NA,NA,NA,NA,NA,NA,1,8,NA,NA,1,2,1,1,1,1,1,1,1,1,1,1,NA,2006,1,1,5,NA,76149,1,1,1,1,1,1,1,1,NA,NA,NA,NA,NA,NA,NA,NA,NA,NA,NA,NA,NA,NA,2,NA,NA,NA,NA,NA,NA,NA,NA,NA,NA,NA,NA,NA,6,6,7,6,5,5,6,6,4,8,6,5,5,6,5,NA,NA,NA,NA,9,10,9,7,NA,8,NA,6,4,10,1,1,4,1,3,1,4,9,6,3,12,9,4,5,3,5,NA,5,3,NA,NA,9,26,13,26,33,39,39,30,29,NA,10,NA,27,5,350,NA,46175.768935185,complete,1,0,29,29,13,2,1.17,20,0,Female,0,Since birth,1,0,6,6.5,5.333333333333333,6,5.5,5,8.75,6.368421052631579,1,28,8,6.666666666666667,FALSE,FALSE,FALSE,0,Non-migrant,0,0,1,0,1,0,1,NA,NA,3,NA,2,NA,3,3,2.6666666666666665
179,NA,NA,base,interview,ger,46175.928136574,1,NA,NA,NA,-2,Russland,1,NA,NA,1,0,1,1,1,1,1,NA,NA,NA,NA,NA,NA,1,8,NA,NA,2,2,1,1,1,1,1,1,1,1,2,1,NA,1999,1,1,5,NA,NA,NA,4,4,3,1,1,4,3,1,1,1,2,1,1,1,1,1,1,1,1,1,NA,1,1,1,1,2,1,1,1,1,1,1,1,1,1,4,4,6,5,7,6,8,8,3,8,8,6,6,8,5,NA,NA,NA,NA,7,8,8,5,NA,8,4,3,5,8,1,1,4,1,1,1,4,10,7,3,24,6,6,10,4,10,NA,5,3,NA,NA,23,27,23,32,30,56,45,40,64,23,8,4,39,7,509,NA,46175.934039352,complete,1,0,29,29,15,5,0.96,27,0,Female,0,Since birth,1,1,4,5.5,7,6.333333333333333,7,5,7,6.315789473684211,2.857142857142857,28,6,5.333333333333333,FALSE,TRUE,FALSE,1,2nd gen,0,0,1,0,0,0,1,NA,NA,3,NA,NA,NA,3,2,3
180,NA,NA,base,interview,ger,46175.93037037,1,NA,NA,1,NA,NA,1,NA,NA,1,0,1,1,1,1,1,NA,NA,NA,NA,NA,NA,1,8,NA,NA,1,2,1,1,1,1,1,1,1,1,1,1,NA,2004,1,1,5,NA,40489,1,5,5,4,5,5,4,4,3,1,1,2,1,2,1,1,1,1,2,1,1,NA,1,3,1,1,2,1,2,1,1,1,1,2,1,1,2,1,2,1,1,1,1,3,2,2,4,3,2,5,NA,NA,NA,NA,NA,3,2,5,1,NA,10,1,1,1,3,1,1,2,1,3,NA,2,4,9,4,6,9,10,4,3,7,NA,5,3,NA,NA,8,39,7,14,13,22,16,29,145,11,7,10,62,71,363,NA,46175.936377315,complete,1,0,29,29,13,2,1.29,22,0,Female,0,Since birth,1,1,1.5,1.5,1,2.3333333333333335,3.5,NA,2.75,2.2777777777777777,4.571428571428571,16,5.5,1.6666666666666667,FALSE,FALSE,FALSE,0,Non-migrant,0,0,1,0,1,NA,1,NA,NA,1,NA,2,NA,1,3,1.3333333333333333
181,NA,NA,base,interview,ger,46175.931643519,1,NA,NA,1,NA,NA,NA,190,NA,1,0,1,1,1,1,1,NA,NA,NA,NA,NA,NA,7,6,NA,NA,2,2,1,1,1,1,1,1,2,1,1,1,NA,1999,1,2,8,NA,69120,1,1,1,1,3,2,3,3,3,1,1,2,1,1,1,1,2,1,2,1,1,NA,2,NA,NA,NA,NA,NA,NA,NA,NA,NA,NA,NA,NA,NA,2,3,1,1,5,5,5,8,6,8,5,6,3,7,NA,NA,NA,NA,NA,9,10,9,8,NA,7,5,2,6,10,1,2,3,1,3,1,4,5,8,2,4,7,5,4,30,27,NA,7,6,NA,NA,39,28,22,55,40,75,47,41,104,20,7,NA,66,4,582,NA,46175.939201389,complete,1,0,29,29,20,11,0.9,27,1,Male,1,16+ years,1,0,2.5,1,5,7.333333333333333,5.25,NA,9,5.611111111111111,2,30,6,6,FALSE,FALSE,TRUE,1,2nd gen,0,1,1,0,1,0,1,NA,1,2,NA,2,NA,3,4,2
182,NA,NA,base,interview,ger,46175.934710648,1,NA,NA,1,NA,NA,1,NA,NA,1,0,1,1,1,1,1,NA,NA,NA,NA,NA,NA,1,8,NA,NA,1,2,1,1,1,1,1,1,1,1,1,1,NA,1998,1,1,8,NA,NA,NA,3,3,2,2,3,4,3,4,1,1,2,2,2,1,1,1,1,2,1,1,NA,1,2,1,1,2,1,2,1,1,1,1,1,1,1,6,5,7,7,7,7,7,8,8,8,7,7,7,7,4,NA,NA,NA,1,8,8,9,8,NA,10,10,8,8,9,1,1,1,1,4,1,4,4,13,3,8,8,7,4,3,16,NA,7,5,NA,NA,15,87,59,44,12,44,31,31,101,30,16,19,52,15,634,NA,46175.942048611,complete,1,0,29,29,13,2,0.87,28,0,Female,1,Since birth,1,1,5.5,7,7,8,7,2.5,8.25,6.8,2.857142857142857,45,10,8.333333333333334,FALSE,FALSE,FALSE,0,Non-migrant,0,0,0,0,1,0,1,NA,NA,NA,NA,3,NA,3,2,3
183,NA,NA,base,interview,ger,46175.954571759,1,NA,NA,1,NA,NA,1,NA,NA,1,0,1,1,1,1,1,NA,NA,NA,NA,NA,NA,1,8,NA,NA,1,2,1,1,1,1,1,1,1,1,1,1,NA,2001,1,1,8,NA,NA,NA,1,4,NA,1,4,4,2,2,1,1,2,2,1,1,1,1,1,1,1,1,NA,1,2,1,1,2,2,1,1,1,1,1,1,1,1,8,5,8,6,7,6,7,5,3,8,4,NA,2,NA,NA,NA,NA,NA,NA,8,9,7,7,NA,10,NA,NA,NA,NA,3,3,3,1,1,1,4,6,7,3,4,4,5,5,2,10,NA,5,3,NA,NA,8,20,20,21,23,33,23,23,56,13,9,6,18,3,330,NA,46175.958391204,complete,1,0,29,29,13,2,1.37,25,0,Female,1,Since birth,1,1,6.5,7,6.666666666666667,5.333333333333333,3,NA,7.75,6.25,2.6666666666666665,10,10,NA,FALSE,FALSE,FALSE,0,Non-migrant,1,1,1,0,0,0,1,2,2,2,NA,NA,NA,3,4,2.25
184,NA,NA,base,interview,ger,46175.96912037,1,NA,NA,1,NA,NA,1,NA,NA,1,0,1,1,1,1,1,NA,NA,NA,NA,NA,NA,1,8,NA,NA,1,2,1,1,1,1,1,1,1,1,1,1,NA,2005,1,1,5,NA,35041,1,1,3,1,1,1,4,1,3,1,1,2,2,1,1,1,1,2,1,1,1,NA,2,NA,NA,NA,NA,NA,NA,NA,NA,NA,NA,NA,NA,NA,5,4,8,7,6,7,6,8,7,8,8,6,4,10,6,NA,NA,NA,NA,8,5,8,7,NA,9,NA,9,8,10,1,1,3,1,1,1,3,6,7,2,9,8,6,4,2,11,NA,6,6,NA,NA,7,40,36,39,24,57,17,48,57,17,9,NA,47,3,468,NA,46175.974537037,complete,1,0,29,29,13,2,1.07,21,0,Female,0,Since birth,1,0,4.5,7.5,6.333333333333333,7.666666666666667,7,6,7,6.7368421052631575,1.7142857142857142,36,9,9,FALSE,FALSE,FALSE,0,Non-migrant,0,0,1,0,0,0,1,NA,NA,2,NA,NA,NA,2,2,2
186,NA,NA,base,interview,ger,46176.349479167,1,NA,NA,1,NA,NA,1,NA,NA,1,0,1,1,1,1,1,NA,NA,NA,NA,NA,NA,1,8,NA,NA,1,2,1,1,1,1,1,1,1,1,1,1,NA,1999,1,1,8,NA,NA,NA,2,3,1,1,1,2,1,2,1,1,2,2,1,1,1,1,1,1,1,1,NA,2,NA,NA,NA,NA,NA,NA,NA,NA,NA,NA,NA,NA,NA,6,4,7,7,6,5,6,5,4,6,8,8,7,9,NA,NA,NA,NA,NA,7,4,4,4,NA,10,8,8,3,9,3,1,4,1,4,1,3,3,6,3,7,5,4,3,2,6,NA,5,3,NA,NA,4,26,12,17,21,27,16,19,46,10,4,NA,28,2,279,NA,46176.352708333,complete,1,0,29,29,13,2,1.63,27,0,Female,1,Since birth,1,0,5,7,5.666666666666667,5,8,NA,4.75,5.944444444444445,1.5714285714285714,38,9,6.666666666666667,FALSE,FALSE,FALSE,0,Non-migrant,1,0,1,0,1,0,1,2,NA,3,NA,3,NA,2,4,2.5
189,NA,NA,base,interview,ger,46176.402928241,NA,148,NA,2,NA,NA,2,NA,NA,2,1,2,1,1,1,1,148,NA,NA,NA,NA,10,NA,NA,NA,NA,NA,NA,NA,NA,NA,NA,NA,NA,NA,NA,NA,NA,NA,1998,1,1,6,NA,8180,1,NA,NA,NA,NA,NA,NA,NA,NA,NA,NA,NA,NA,NA,NA,NA,NA,NA,NA,NA,NA,NA,NA,NA,NA,NA,NA,NA,NA,NA,NA,NA,NA,NA,NA,NA,NA,NA,NA,NA,NA,NA,NA,NA,NA,NA,NA,NA,NA,NA,NA,NA,NA,NA,NA,NA,NA,NA,NA,NA,NA,NA,NA,NA,NA,NA,NA,NA,NA,NA,NA,NA,27,7,2,8,9,15,5,3,19,11,NA,NA,NA,NA,NA,NA,NA,NA,NA,NA,NA,NA,NA,NA,NA,NA,NA,NA,106,NA,46176.404155093,NA,0,0,10,10,35,13,0.9,28,0,Female,0,NA,0,NA,NA,NA,NA,NA,NA,NA,NA,NA,NA,NA,NA,NA,TRUE,TRUE,TRUE,1,1st gen,NA,NA,NA,NA,NA,NA,NA,NA,NA,NA,NA,NA,NA,NA,NA,NA
190,NA,NA,base,interview,ger,46176.720578704,1,NA,NA,1,NA,NA,1,NA,NA,1,0,1,1,1,1,1,NA,NA,NA,NA,NA,NA,1,8,NA,NA,1,2,1,1,1,1,1,1,1,1,1,1,NA,2002,1,2,8,NA,35039,1,1,2,1,4,1,3,3,2,1,1,2,1,1,1,1,1,1,2,1,1,NA,2,NA,NA,NA,NA,NA,NA,NA,NA,NA,NA,NA,NA,NA,3,3,5,6,7,7,6,8,4,9,7,4,5,6,5,NA,NA,NA,NA,8,8,8,8,NA,7,2,4,3,9,1,3,4,1,1,1,4,5,8,3,6,7,5,4,3,12,NA,4,3,NA,NA,9,36,21,24,28,47,37,28,136,25,9,NA,31,3,494,NA,46176.726296296,complete,1,0,29,29,13,2,1.09,24,1,Male,1,Since birth,1,0,3,5.5,6.666666666666667,7,5.5,5,8,6.157894736842105,2.142857142857143,25,4.5,5.333333333333333,FALSE,FALSE,FALSE,0,Non-migrant,0,1,1,0,0,0,1,NA,2,3,NA,NA,NA,3,3,2.6666666666666665
191,NA,NA,base,interview,ger,46180.537384259,NA,-2,USA,NA,-2,USA,NA,-2,USA,1,0,1,1,1,1,1,NA,NA,NA,NA,NA,NA,2,3,NA,NA,1,2,1,1,1,1,1,1,1,1,1,1,NA,1998,1,1,8,NA,60439,1,2,1,1,1,1,2,1,1,1,1,2,1,1,1,1,1,1,1,1,1,NA,2,NA,NA,NA,NA,NA,NA,NA,NA,NA,NA,NA,NA,NA,8,8,8,7,5,5,7,6,5,7,9,9,9,8,7,9,6,9,2,8,7,8,7,NA,8,9,7,8,10,1,1,1,1,1,4,3,2,5,3,8,6,6,7,10,14,NA,5,29,NA,NA,5,52,51,26,46,71,44,26,71,10,13,NA,38,6,530,NA,46180.54380787,complete,1,0,29,29,13,5,1,28,0,Female,1,6-15 years,1,0,8,7.5,5.666666666666667,6,8.75,6.6,7.5,7.130434782608695,1.2857142857142858,42,8.5,8.333333333333334,TRUE,TRUE,TRUE,1,1st gen,0,0,0,0,0,1,1,NA,NA,NA,NA,NA,3,2,2,2.5
192,NA,NA,base,interview,eng,46180.546689815,NA,190,NA,1,NA,NA,NA,190,NA,1,0,1,1,1,1,1,190,NA,NA,NA,NA,NA,2,5,NA,NA,1,2,1,1,1,1,1,1,1,1,1,1,NA,1971,1,2,9,NA,82418,1,1,1,1,1,1,2,1,7,2,2,2,2,1,1,1,2,2,2,1,1,NA,2,NA,NA,NA,NA,NA,NA,NA,NA,NA,NA,NA,NA,NA,6,6,7,7,5,6,4,7,6,7,9,8,7,9,9,9,4,7,3,8,8,8,5,NA,3,9,9,9,9,3,3,3,1,4,4,1,21,49,3,58,10,26,28,26,22,NA,21,8,NA,NA,6,73,20,52,36,50,47,63,56,20,6,NA,25,12,569,NA,46180.555231481,complete,1,0,29,29,11,3,0.65,55,1,Male,1,16+ years,1,0,6,7,5,6.666666666666667,8.25,6.4,7.25,6.739130434782608,1.1428571428571428,39,6,9,TRUE,FALSE,TRUE,1,1st gen,1,1,1,0,1,1,0,2,2,2,NA,3,3,NA,5,2.4
193,NA,NA,base,interview,ger,46182.430208333,1,NA,NA,1,NA,NA,1,NA,NA,1,0,1,1,1,1,1,NA,NA,NA,NA,NA,NA,1,8,NA,NA,1,2,1,1,1,1,1,1,1,1,1,1,NA,2000,1,1,8,NA,60314,1,1,1,1,1,1,1,1,NA,NA,NA,NA,NA,NA,NA,NA,NA,NA,NA,NA,NA,NA,2,NA,NA,NA,NA,NA,NA,NA,NA,NA,NA,NA,NA,NA,4,4,5,4,2,2,5,7,1,7,6,5,5,10,1,NA,NA,NA,NA,8,8,7,4,NA,7,NA,NA,2,10,1,1,3,1,4,1,4,31,4,4,8,6,7,4,3,9,NA,7,8,NA,NA,6,19,13,18,25,25,25,19,25,NA,6,NA,21,2,295,NA,46182.433645833,complete,1,0,29,29,13,2,1.32,26,0,Female,1,Since birth,1,0,4,4.5,3,5,6.5,1,6.75,5,1,19,7,6,FALSE,FALSE,FALSE,0,Non-migrant,0,0,1,0,1,0,1,NA,NA,2,NA,3,NA,3,3,2.6666666666666665
194,NA,NA,base,interview,ger,46182.434270833,NA,NA,NA,NA,NA,NA,7,NA,NA,NA,NA,NA,NA,NA,NA,NA,NA,NA,NA,NA,NA,NA,NA,NA,NA,NA,NA,NA,NA,NA,NA,NA,NA,NA,NA,NA,NA,NA,NA,NA,NA,2,11,NA,NA,NA,NA,NA,NA,NA,NA,NA,NA,NA,NA,NA,NA,NA,NA,NA,NA,NA,NA,NA,NA,NA,NA,NA,NA,NA,NA,NA,NA,NA,NA,NA,NA,NA,NA,NA,NA,NA,NA,NA,NA,NA,NA,NA,NA,NA,NA,NA,NA,NA,NA,NA,NA,NA,NA,NA,NA,NA,NA,NA,NA,NA,NA,NA,NA,NA,NA,NA,NA,NA,NA,NA,NA,1,4,3,4,2,5,4,4,NA,NA,NA,NA,NA,NA,NA,NA,NA,NA,NA,NA,NA,NA,NA,NA,NA,NA,NA,NA,27,NA,46182.434594907,NA,0,0,8,8,30,11,1.87,NA,1,Male,1,NA,NA,NA,NA,NA,NA,NA,NA,NA,NA,NA,NA,NA,NA,NA,FALSE,FALSE,TRUE,1,2nd gen,NA,NA,NA,NA,NA,NA,NA,NA,NA,NA,NA,NA,NA,NA,NA,NA
195,NA,NA,base,interview,tur,46182.5671875,NA,NA,NA,NA,NA,NA,NA,NA,NA,1,1,2,1,1,1,1,NA,NA,NA,NA,NA,NA,2,2,NA,NA,1,1,1,1,1,1,2,1,1,1,1,1,NA,1972,1,2,9,NA,NA,NA,2,3,2,1,2,2,1,2,2,1,1,1,1,1,1,1,1,2,1,1,NA,2,NA,NA,NA,NA,NA,NA,NA,NA,NA,NA,NA,NA,NA,7,5,5,5,7,7,6,6,6,6,4,4,3,5,7,6,6,6,4,6,6,6,6,NA,7,6,6,7,7,1,3,3,1,1,3,3,6,10,3,23,6,6,6,3,17,NA,10,9,NA,NA,26,58,47,40,38,58,64,54,93,37,7,NA,37,11,669,NA,46182.57494213,complete,1,0,29,29,13,2,0.73,54,1,Male,1,6-15 years,1,0,6,5,6.666666666666667,6,4,5.8,6,5.608695652173913,1.8571428571428572,33,6.5,6.666666666666667,FALSE,FALSE,FALSE,0,Non-migrant,0,1,1,0,0,1,1,NA,2,2,NA,NA,2,2,4,2
196,NA,NA,base,interview,ger,46182.5696875,1,NA,NA,1,NA,NA,1,NA,NA,1,0,1,1,1,1,1,NA,NA,NA,NA,NA,NA,1,8,NA,NA,1,2,1,1,1,1,1,1,1,1,1,1,NA,1995,1,1,8,NA,90762,1,3,2,1,1,3,3,2,2,1,1,2,1,1,1,1,1,1,2,1,1,NA,1,1,1,1,2,1,1,1,1,1,1,1,1,1,6,3,8,7,6,2,4,5,3,8,9,6,6,9,1,NA,NA,NA,1,7,6,7,6,NA,9,8,4,NA,9,3,4,3,3,4,2,3,6,7,4,7,6,7,4,3,6,NA,5,6,NA,NA,6,30,23,23,22,34,28,347,53,38,10,15,34,5,411,NA,46182.578148148,complete,1,0,29,29,13,2,1.05,31,0,Female,1,Since birth,1,1,4.5,7.5,4,5.333333333333333,7.5,1,6.5,5.5,2.142857142857143,30,8.5,6.5,FALSE,FALSE,FALSE,0,Non-migrant,1,1,1,1,1,1,1,2,3,2,2,3,1,2,7,2.142857142857143
199,NA,NA,base,interview,ger,46183.731527778,1,NA,NA,NA,155,NA,1,NA,NA,1,0,1,1,1,1,1,NA,NA,NA,NA,NA,NA,1,8,NA,NA,1,2,1,1,1,1,1,1,1,1,1,1,NA,1981,1,2,11,NA,60316,1,4,4,2,1,3,4,2,2,1,1,1,1,1,1,1,2,1,2,1,1,NA,2,NA,NA,NA,NA,NA,NA,NA,NA,NA,NA,NA,NA,NA,7,6,3,3,3,3,4,3,1,4,5,6,5,10,5,NA,NA,NA,NA,8,7,8,7,NA,10,10,7,6,8,3,2,3,1,3,1,2,6,13,4,7,9,7,20,4,5,NA,6,4,NA,NA,6,21,18,26,17,36,25,18,34,10,11,NA,20,2,314,NA,46183.735335648,complete,1,0,29,29,13,3,1.26,45,1,Male,1,Since birth,1,0,6.5,3,3.3333333333333335,2.6666666666666665,6.5,5,7.5,5.157894736842105,2.857142857142857,41,10,7,FALSE,TRUE,FALSE,1,2nd gen,1,1,1,0,1,0,1,2,1,2,NA,2,NA,1,5,1.6
201,NA,NA,base,interview,ger,46204.6228125,1,NA,NA,1,NA,NA,1,NA,NA,1,0,1,1,1,1,1,NA,NA,NA,NA,NA,NA,1,8,NA,NA,1,1,1,1,1,1,1,1,2,1,1,1,NA,1957,1,1,14,NA,NA,NA,3,3,3,1,3,3,3,3,1,1,1,2,1,1,1,2,1,2,1,1,NA,1,3,1,1,1,2,1,1,1,2,1,2,1,1,7,6,4,4,5,5,5,3,3,3,3,3,3,3,NA,NA,NA,NA,NA,10,10,10,10,NA,NA,10,5,10,7,3,3,4,2,2,1,4,30,20,4,16,17,7,7,5,25,NA,10,6,NA,NA,26,53,31,47,47,63,31,39,127,20,9,18,48,7,690,NA,46204.631064815,complete,1,0,29,29,13,2,0.64,69,0,Female,1,Since birth,1,1,6.5,4,5,3,3,NA,10,5.388888888888889,2.7142857142857144,32,10,7.333333333333333,FALSE,FALSE,FALSE,0,Non-migrant,1,1,1,1,1,0,1,2,2,3,1,1,NA,3,6,2
202,NA,NA,base,interview,ger,46204.631701389,1,NA,NA,1,NA,NA,1,NA,NA,1,0,1,1,1,1,1,NA,NA,NA,NA,NA,NA,1,8,NA,NA,1,2,1,1,1,1,1,1,1,1,1,1,NA,1960,1,2,13,Diplom,86461,1,3,3,1,1,1,4,3,3,1,1,1,2,1,1,1,1,2,2,1,1,NA,2,NA,NA,NA,NA,NA,NA,NA,NA,NA,NA,NA,NA,NA,10,10,3,4,9,7,8,1,4,1,4,3,2,7,NA,NA,NA,NA,NA,8,10,7,7,NA,6,8,2,8,9,4,1,4,3,3,1,3,48,97,6,112,59,11,8,7,10,NA,9,7,NA,NA,15,61,50,47,113,74,48,70,133,49,10,NA,59,7,708,NA,46204.644548611,complete,1,0,29,29,13,2,0.5,66,1,Male,1,Since birth,1,0,10,3.5,8,2,4,NA,8,5.833333333333333,2.2857142857142856,33,7,6.333333333333333,FALSE,FALSE,FALSE,0,Non-migrant,1,0,1,1,1,0,1,3,NA,3,2,2,NA,2,5,2.4
203,NA,NA,base,interview,ger,46205.456365741,NA,-2,Südkorea,NA,-2,Südkorea,NA,85,NA,1,0,1,1,1,1,1,NA,NA,NA,NA,NA,NA,2,3,NA,NA,1,1,1,1,1,1,2,1,1,1,1,1,NA,1993,1,2,9,NA,NA,NA,2,2,1,1,1,4,1,4,2,2,1,1,1,1,2,2,1,1,1,1,NA,1,3,2,2,1,1,1,1,2,1,1,1,1,1,1,1,1,1,1,1,1,4,4,7,7,7,7,8,1,1,1,1,4,3,6,7,6,NA,8,6,1,6,7,1,1,1,1,1,1,1,16,7,3,11,7,15,9,14,9,NA,8,8,NA,NA,11,25,1046,17,25,22,30,34,54,18,7,17,36,4,418,NA,46205.47318287,complete,1,0,29,29,12,5,0.9,33,1,Male,1,6-15 years,1,1,1,1,1,5,7.25,1.6,5.5,3.5217391304347827,1.7142857142857142,28,7,4.666666666666667,TRUE,TRUE,TRUE,1,1st gen,0,0,0,0,0,0,0,NA,NA,NA,NA,NA,NA,NA,0,NA
204,NA,NA,base,interview,ger,46207.454918981,1,NA,NA,1,NA,NA,1,NA,NA,1,0,1,1,1,1,1,NA,NA,NA,NA,NA,NA,1,8,NA,NA,1,2,1,1,1,1,1,1,1,1,1,1,NA,1996,1,2,9,NA,80797,1,1,1,1,1,1,2,2,NA,1,1,1,1,1,1,1,1,1,1,1,1,NA,2,NA,NA,NA,NA,NA,NA,NA,NA,NA,NA,NA,NA,NA,8,8,8,8,10,9,9,9,8,9,7,7,4,6,8,NA,NA,NA,NA,8,8,9,8,NA,7,8,9,9,10,1,1,4,1,3,1,4,36,12,4,14,8,9,7,6,12,NA,6,4,NA,NA,14,32,27,28,25,44,32,33,59,14,8,NA,31,10,475,NA,46207.460416667,complete,1,0,29,29,13,2,0.85,30,1,Male,1,Since birth,1,0,8,8,9.333333333333334,8.666666666666666,6,8,8.25,7.947368421052632,1.2857142857142858,43,7.5,9.333333333333334,FALSE,FALSE,FALSE,0,Non-migrant,0,0,1,0,1,0,1,NA,NA,3,NA,2,NA,3,3,2.6666666666666665
205,NA,NA,base,interview,ger,46208.762847222,1,NA,NA,1,NA,NA,1,NA,NA,1,0,1,1,1,1,1,NA,NA,NA,NA,NA,NA,1,8,NA,NA,1,2,1,1,1,1,1,1,1,1,1,1,NA,2003,1,1,5,NA,95444,1,1,2,2,1,1,2,1,2,1,1,2,2,1,1,1,1,1,1,1,1,NA,1,1,1,1,2,1,1,1,1,1,1,1,1,1,4,5,4,4,5,6,7,6,6,7,6,6,6,7,NA,NA,NA,NA,NA,8,9,9,7,NA,8,7,8,NA,10,1,1,4,1,4,1,4,3,8,3,21,5,5,5,3,10,NA,6,5,NA,NA,12,36,23,49,38,45,31,35,49,14,9,3,27,3,448,NA,46208.768032407,complete,1,0,29,29,13,2,1.14,23,0,Female,0,Since birth,1,1,4.5,4,6,6.333333333333333,6.25,NA,8.25,6.222222222222222,1.4285714285714286,33,7.5,9,FALSE,FALSE,FALSE,0,Non-migrant,0,0,1,0,1,0,1,NA,NA,3,NA,3,NA,3,3,3
206,NA,NA,base,interview,ger,46209.44318287,1,NA,NA,1,NA,NA,1,NA,NA,1,0,1,1,1,1,1,NA,NA,NA,NA,NA,NA,1,8,NA,NA,1,2,1,1,1,1,1,1,1,1,1,1,NA,1988,1,2,9,NA,55116,1,2,2,2,2,2,2,2,1,1,1,1,1,1,1,1,2,1,1,1,1,NA,2,NA,NA,NA,NA,NA,NA,NA,NA,NA,NA,NA,NA,NA,7,5,7,7,7,7,7,7,7,7,7,7,7,7,8,NA,NA,NA,NA,7,7,7,7,NA,7,7,5,5,7,1,1,1,1,1,1,1,345,7,3,6,5,4,5,2,15,NA,6,4,NA,NA,4,23,8,12,5,24,41,9,28,16,5,NA,17,4,261,NA,46209.450115741,complete,1,0,29,29,13,2,1.56,38,1,Male,1,Since birth,1,0,6,7,7,7,7,8,7,6.947368421052632,2,31,7,5.666666666666667,FALSE,FALSE,FALSE,0,Non-migrant,0,0,0,0,0,0,0,NA,NA,NA,NA,NA,NA,NA,0,NA
207,NA,NA,base,interview,ger,46209.53181713,1,NA,NA,5,NA,NA,NA,46,NA,1,0,1,1,1,1,1,NA,NA,NA,NA,NA,NA,1,8,NA,NA,1,2,1,1,1,1,1,1,1,1,1,1,NA,2003,1,1,8,NA,60313,1,1,2,1,1,1,1,1,2,1,1,2,2,1,1,1,1,1,1,1,1,NA,1,2,1,1,2,2,1,1,1,1,1,1,1,1,8,7,8,8,8,8,8,8,9,8,9,7,8,9,6,NA,NA,NA,1,9,9,8,9,NA,7,7,7,8,10,3,1,4,1,4,1,4,5,6,1,9,5,3,3,10,6,NA,7,3,NA,NA,3,79,12,24,23,27,16,24,23,13,4,5,34,21,349,NA,46209.536064815,complete,1,0,29,29,13,3,1.52,23,0,Female,1,Since birth,1,1,7.5,8,8,8.333333333333334,8.25,3.5,8.75,7.75,1.1428571428571428,39,7,8.333333333333334,FALSE,TRUE,TRUE,1,2nd gen,1,0,1,0,1,0,1,2,NA,3,NA,3,NA,3,4,2.75
208,NA,NA,base,interview,ger,46209.555462963,1,NA,NA,1,NA,NA,1,NA,NA,1,0,1,1,1,1,1,NA,NA,NA,NA,NA,NA,5,4,NA,NA,1,2,1,1,1,1,1,1,1,1,1,1,NA,2007,1,2,5,NA,61352,1,2,1,1,2,1,3,3,3,1,1,2,2,1,1,1,2,1,1,1,1,NA,2,NA,NA,NA,NA,NA,NA,NA,NA,NA,NA,NA,NA,NA,8,6,6,2,8,NA,8,9,9,10,7,4,4,8,NA,NA,NA,NA,NA,9,9,10,8,NA,9,NA,9,9,10,1,1,1,1,4,1,4,11,9,4,23,7,4,4,3,15,NA,14,6,NA,NA,6,37,25,49,41,77,49,46,94,39,9,NA,70,7,641,NA,46209.562974537,complete,1,0,29,29,13,2,0.8,19,1,Male,0,16+ years,1,0,7,4,8,9.333333333333334,5.75,NA,9,7.352941176470588,1.8571428571428572,37,9,9.333333333333334,FALSE,FALSE,FALSE,0,Non-migrant,0,0,0,0,1,0,1,NA,NA,NA,NA,3,NA,3,2,3
209,NA,NA,base,interview,ger,46209.559976852,1,NA,NA,1,NA,NA,1,NA,NA,1,0,1,1,1,1,1,NA,NA,NA,NA,NA,NA,1,8,NA,NA,1,2,1,1,1,1,1,1,1,1,1,1,NA,1997,1,2,8,NA,55122,1,1,1,2,1,1,1,1,1,1,1,1,1,1,1,1,2,1,1,1,1,NA,2,NA,NA,NA,NA,NA,NA,NA,NA,NA,NA,NA,NA,NA,7,5,7,8,6,5,6,7,4,7,9,7,8,9,NA,NA,NA,NA,NA,6,7,6,6,NA,NA,NA,6,5,9,1,1,1,3,4,1,3,49,8,4,32,6,14,3,2,6,NA,6,2,NA,NA,13,211,48,132,88,69,29,69,72,18,6,NA,56,5,562,NA,46209.570949074,complete,1,0,29,29,20,9,0.88,29,1,Male,1,Since birth,1,0,6,7.5,5.666666666666667,6,8.25,NA,6.25,6.666666666666667,1.1428571428571428,20,NA,6.666666666666667,FALSE,FALSE,FALSE,0,Non-migrant,0,0,0,1,1,0,1,NA,NA,NA,2,3,NA,2,3,2.3333333333333335
210,NA,NA,base,interview,eng,46209.63693287,NA,NA,NA,NA,NA,NA,NA,NA,NA,NA,NA,NA,NA,NA,NA,NA,NA,NA,NA,NA,NA,NA,NA,NA,NA,NA,NA,NA,NA,NA,NA,NA,NA,NA,NA,NA,NA,NA,NA,NA,NA,NA,NA,NA,NA,NA,NA,NA,NA,NA,NA,NA,NA,NA,NA,NA,NA,NA,NA,NA,NA,NA,NA,NA,NA,NA,NA,NA,NA,NA,NA,NA,NA,NA,NA,NA,NA,NA,NA,NA,NA,NA,NA,NA,NA,NA,NA,NA,NA,NA,NA,NA,NA,NA,NA,NA,NA,NA,NA,NA,NA,NA,NA,NA,NA,NA,NA,NA,NA,NA,NA,NA,NA,NA,NA,NA,NA,4,6,NA,NA,NA,NA,NA,NA,NA,NA,NA,NA,NA,NA,NA,NA,NA,NA,NA,NA,NA,NA,NA,NA,NA,NA,NA,NA,10,NA,46209.637048611,NA,0,0,2,2,100,100,1.67,NA,NA,NA,NA,NA,NA,NA,NA,NA,NA,NA,NA,NA,NA,NA,NA,NA,NA,NA,FALSE,FALSE,FALSE,0,Non-migrant,NA,NA,NA,NA,NA,NA,NA,NA,NA,NA,NA,NA,NA,NA,NA,NA
211,NA,NA,base,interview,ger,46209.637233796,NA,NA,NA,NA,NA,NA,NA,NA,NA,NA,NA,NA,NA,NA,NA,NA,NA,NA,NA,NA,NA,NA,NA,NA,NA,NA,NA,NA,NA,NA,NA,NA,NA,NA,NA,NA,NA,NA,NA,NA,NA,NA,NA,NA,NA,NA,NA,NA,NA,NA,NA,NA,NA,NA,NA,NA,NA,NA,NA,NA,NA,NA,NA,NA,NA,NA,NA,NA,NA,NA,NA,NA,NA,NA,NA,NA,NA,NA,NA,NA,NA,NA,NA,NA,NA,NA,NA,NA,NA,NA,NA,NA,NA,NA,NA,NA,NA,NA,NA,NA,NA,NA,NA,NA,NA,NA,NA,NA,NA,NA,NA,NA,NA,NA,NA,NA,NA,5,3,NA,NA,NA,NA,NA,NA,NA,NA,NA,NA,NA,NA,NA,NA,NA,NA,NA,NA,NA,NA,NA,NA,NA,NA,NA,NA,8,NA,46209.637326389,NA,0,0,2,2,100,100,2.13,NA,NA,NA,NA,NA,NA,NA,NA,NA,NA,NA,NA,NA,NA,NA,NA,NA,NA,NA,FALSE,FALSE,FALSE,0,Non-migrant,NA,NA,NA,NA,NA,NA,NA,NA,NA,NA,NA,NA,NA,NA,NA,NA
212,NA,NA,base,interview,ger,46209.637291667,1,NA,NA,1,NA,NA,1,NA,NA,1,0,1,1,1,1,1,NA,NA,NA,NA,NA,NA,1,8,NA,NA,1,2,1,1,1,1,1,1,1,1,1,1,NA,2001,1,2,8,NA,60389,1,3,2,1,2,2,2,2,4,1,1,2,2,1,1,1,2,1,2,1,1,NA,2,NA,NA,NA,NA,NA,NA,NA,NA,NA,NA,NA,NA,NA,9,10,9,9,6,5,7,10,9,10,9,9,7,10,8,NA,NA,NA,NA,8,8,8,9,"Die Frage zur Begründung von Diskriminierenden Verhalten habe ich nur auf meine eigene Situation bezogen. Ich finde es war nicht ganz klar, ob es sich nicht auf alle bezieht, wobei dann alle Antworkmöglichkeiten wahr wären.",4,8,10,9,10,4,4,4,1,4,1,3,61,3,5,13,4,3,3,2,9,NA,12,3,NA,NA,7,34,27,27,28,49,33,28,119,25,7,NA,45,66,545,NA,46209.644398148,complete,1,0,29,29,11,2,1.07,25,1,Male,1,Since birth,1,0,9.5,9,6,9.666666666666666,8.75,8,8.25,8.421052631578947,2,41,6,9.666666666666666,FALSE,FALSE,FALSE,0,Non-migrant,1,1,1,0,1,0,1,3,3,3,NA,3,NA,2,5,2.8
214,NA,NA,base,interview,ger,46209.731261574,1,NA,NA,1,NA,NA,1,NA,NA,1,0,1,1,1,1,1,NA,NA,NA,NA,NA,NA,1,8,NA,NA,1,2,1,1,1,1,1,1,1,1,1,1,NA,2001,1,2,8,NA,NA,NA,1,1,1,1,1,2,1,2,1,1,1,2,1,1,1,2,1,1,1,1,NA,2,NA,NA,NA,NA,NA,NA,NA,NA,NA,NA,NA,NA,NA,7,6,6,6,8,7,8,8,6,7,9,8,8,9,8,NA,NA,NA,NA,10,10,10,10,"Die Frage ""Seit ich die deutsche Staatsbürgerschaft erworben habe, habe ich das Gefühl, dass mich die deutschen Behörden anders behandeln."" musste ich beantworten, obwohl ich zuvor angab, seit Geburt die deutsche Staatsbürgerschaft besitze. Das ergibt keinen Sinn und ist nicht logisch beantwortbar, falls ich die Frage richtig verstanden habe.",8,NA,8,3,10,1,1,4,1,4,1,4,10,5,3,13,4,7,16,3,8,NA,3,3,NA,NA,5,32,36,1501,80,40,53,63,61,27,14,NA,49,88,499,NA,46209.755868056,complete,1,0,29,29,11,2,0.92,25,1,Male,1,Since birth,1,0,6.5,6,7.666666666666667,7,8.5,8,10,7.947368421052632,1.1428571428571428,29,8,7,FALSE,FALSE,FALSE,0,Non-migrant,0,0,1,0,1,0,1,NA,NA,3,NA,3,NA,3,3,3
216,NA,NA,base,interview,ger,46210.599861111,1,NA,NA,1,NA,NA,1,NA,NA,1,0,1,1,1,1,1,NA,NA,NA,NA,NA,NA,1,5,NA,NA,1,2,1,1,1,1,1,1,1,1,1,1,NA,2001,1,1,5,NA,61381,1,2,2,1,1,1,2,1,11,2,2,2,2,2,2,2,2,2,2,2,1,NA,2,NA,NA,NA,NA,NA,NA,NA,NA,NA,NA,NA,NA,NA,7,7,8,8,7,7,7,7,6,7,7,7,7,9,NA,NA,NA,NA,NA,8,9,9,7,NA,NA,NA,7,7,9,1,1,4,1,4,1,4,8,12,2,13,13,4,5,2,11,NA,4,18,NA,NA,11,56,29,32,66,66,486,28,66,18,9,NA,72,3,524,NA,46210.611851852,complete,1,0,29,29,13,2,0.89,25,0,Female,0,16+ years,1,0,7,8,7,6.666666666666667,7.5,NA,8.25,7.444444444444445,1.4285714285714286,23,NA,7.666666666666667,FALSE,FALSE,FALSE,0,Non-migrant,0,0,1,0,1,0,1,NA,NA,3,NA,3,NA,3,3,3
217,NA,NA,base,interview,ger,46210.711851852,1,NA,NA,1,NA,NA,NA,2,NA,1,0,1,1,1,1,1,NA,NA,NA,NA,NA,NA,5,3,NA,NA,1,1,1,1,1,1,1,1,1,1,2,1,NA,2007,1,1,5,NA,60323,1,3,3,2,1,2,3,2,11,2,2,2,2,2,2,2,2,2,2,2,1,NA,1,2,2,2,1,1,1,1,1,1,1,1,1,1,5,5,5,5,6,6,6,5,5,5,7,6,6,8,5,NA,5,NA,NA,5,5,6,6,NA,7,5,5,6,6,1,1,4,3,1,1,4,19,7,4,7,9,6,5,10,11,NA,6,12,NA,NA,14,23,17,39,30,37,53,26,57,56,28,25,33,3,474,NA,46210.71806713,complete,1,0,29,29,12,3,0.85,19,0,Female,0,6-15 years,1,1,5,5,6,5,6.75,5,5.5,5.6,2.2857142857142856,29,6,5.666666666666667,FALSE,FALSE,TRUE,1,2nd gen,0,0,1,1,0,0,1,NA,NA,3,2,NA,NA,3,3,2.6666666666666665
218,NA,NA,base,interview,ger,46212.668229167,NA,136,NA,NA,136,NA,NA,136,NA,2,0,1,1,1,1,1,136,NA,NA,NA,NA,4,NA,2,1,1,1,2,1,1,1,1,1,1,1,1,1,1,NA,1993,1,2,5,NA,81549,1,1,1,1,1,1,1,2,11,2,2,2,2,2,2,2,2,2,2,2,1,NA,1,1,1,1,1,1,2,1,1,1,1,1,1,1,6,8,5,5,3,4,6,9,8,10,6,6,6,5,NA,NA,NA,NA,NA,9,9,9,9,NA,8,10,10,10,10,1,1,1,1,3,1,4,2,7,2,16,5,15,9,5,25,6,NA,7,4,9,10,18,18,14,23,30,26,20,49,30,8,6,27,4,395,NA,46212.672800926,complete,1,0,29,29,11,4,1.15,33,1,Male,0,6-15 years,0,1,7,5,4.333333333333333,9,5.75,NA,9,6.833333333333333,1.1428571428571428,48,9,10,TRUE,TRUE,TRUE,1,1st gen,0,0,0,0,1,0,1,NA,NA,NA,NA,2,NA,3,2,2.5
227,NA,NA,base,interview,ger,46215.856365741,1,NA,NA,1,NA,NA,1,NA,NA,1,0,1,1,1,1,1,NA,NA,NA,NA,NA,NA,1,8,NA,NA,1,2,1,1,1,1,1,1,1,1,1,1,NA,1968,1,2,14,NA,55124,1,1,2,2,NA,NA,2,1,3,1,1,1,1,1,1,1,2,2,2,1,1,NA,2,NA,NA,NA,NA,NA,NA,NA,NA,NA,NA,NA,NA,NA,8,8,8,8,9,9,9,10,10,10,9,6,5,10,NA,NA,NA,NA,NA,9,9,9,7,NA,2,9,9,9,10,1,1,4,4,4,1,4,3,8,3,20,6,3,4,2,8,NA,4,6,NA,NA,3,17,8,17,16,27,25,21,40,15,5,NA,25,2,288,NA,46215.859699074,complete,1,0,29,29,16,6,1.56,58,1,Male,1,Since birth,1,0,8,8,9,10,7.5,NA,8.5,8.5,1.6,39,5.5,9.333333333333334,FALSE,FALSE,FALSE,0,Non-migrant,0,0,1,1,1,0,1,NA,NA,3,3,3,NA,3,4,3
228,NA,NA,base,interview,ger,46215.900416667,NA,NA,NA,NA,NA,NA,NA,NA,NA,NA,NA,NA,NA,NA,NA,NA,NA,NA,NA,NA,NA,NA,NA,NA,NA,NA,NA,NA,NA,NA,NA,NA,NA,NA,NA,NA,NA,NA,NA,1965,1,NA,NA,NA,NA,NA,NA,NA,NA,NA,NA,NA,NA,NA,NA,NA,NA,NA,NA,NA,NA,NA,NA,NA,NA,NA,NA,NA,NA,NA,NA,NA,NA,NA,NA,NA,NA,NA,NA,NA,NA,NA,NA,NA,NA,NA,NA,NA,NA,NA,NA,NA,NA,NA,NA,NA,NA,NA,NA,NA,NA,NA,NA,NA,NA,NA,NA,NA,NA,NA,NA,NA,NA,NA,NA,NA,NA,40,20,3178,NA,NA,NA,NA,NA,NA,NA,NA,NA,NA,NA,NA,NA,NA,NA,NA,NA,NA,NA,NA,NA,NA,NA,NA,NA,51,NA,46215.901111111,NA,0,0,2,3,0,0,0.2,61,NA,NA,NA,NA,NA,NA,NA,NA,NA,NA,NA,NA,NA,NA,NA,NA,NA,NA,FALSE,FALSE,FALSE,0,Non-migrant,NA,NA,NA,NA,NA,NA,NA,NA,NA,NA,NA,NA,NA,NA,NA,NA
229,NA,NA,base,interview,ger,46215.901539352,1,NA,NA,NA,183,NA,1,NA,NA,1,0,1,1,1,1,1,NA,NA,NA,NA,NA,NA,1,8,NA,NA,1,2,1,1,1,1,1,1,1,1,1,1,NA,1965,1,2,13,Universität Diplom,65205,1,1,1,1,1,3,2,1,7,2,2,2,2,1,1,1,2,2,2,1,1,NA,2,NA,NA,NA,NA,NA,NA,NA,NA,NA,NA,NA,NA,NA,3,3,2,1,9,8,9,7,7,7,2,2,2,9,4,NA,NA,NA,NA,8,9,8,8,NA,NA,9,6,8,10,3,2,4,1,1,1,4,2,9,3,51,11,7,14,5,13,NA,7,6,NA,NA,10,36,27,28,32,63,28,38,95,30,12,NA,47,7,531,NA,46215.908263889,complete,1,0,29,29,13,3,0.84,61,1,Male,1,Since birth,1,0,3,1.5,8.666666666666666,7,3.75,4,8.25,5.684210526315789,1.4285714285714286,33,9,8,FALSE,TRUE,FALSE,1,2nd gen,1,1,1,0,0,0,1,2,1,3,NA,NA,NA,3,4,2.25
230,NA,NA,base,interview,ger,46215.915,1,NA,NA,NA,128,NA,1,NA,NA,1,0,1,1,1,1,1,NA,NA,NA,NA,NA,NA,1,8,NA,NA,1,2,1,1,1,1,1,1,1,1,1,1,NA,1967,1,2,9,NA,61352,1,2,2,1,1,1,1,1,3,1,1,2,2,1,1,1,1,1,2,1,1,NA,2,NA,NA,NA,NA,NA,NA,NA,NA,NA,NA,NA,NA,NA,8,7,7,7,9,9,9,9,8,8,6,4,4,8,NA,NA,NA,NA,NA,9,9,9,9,Vielen Dank für euer gutes Engagement!,9,9,9,9,9,1,3,4,4,1,1,4,29,9,4,18,8,3,17,4,19,NA,8,4,NA,NA,13,39,37,26,32,45,46,27,57,17,8,NA,24,15,497,NA,46215.920891204,complete,1,0,29,29,11,3,0.85,59,1,Male,1,Since birth,1,0,7.5,7,9,8.333333333333334,5.5,NA,9,7.722222222222222,1.2857142857142858,45,9,9,FALSE,TRUE,FALSE,1,2nd gen,0,1,1,1,0,0,1,NA,2,3,3,NA,NA,3,4,2.75
231,NA,NA,base,interview,ger,46216.813645833,1,NA,NA,1,NA,NA,1,NA,NA,1,0,1,1,1,1,1,NA,NA,NA,NA,NA,NA,1,8,NA,NA,1,2,1,1,1,1,1,1,1,1,1,1,NA,1967,1,1,13,Diplom,61350,1,2,2,3,1,1,2,2,3,1,1,2,2,1,1,1,1,1,2,1,1,NA,2,NA,NA,NA,NA,NA,NA,NA,NA,NA,NA,NA,NA,NA,9,9,9,9,9,8,9,8,9,8,9,9,8,10,NA,NA,NA,NA,NA,9,9,9,8,NA,5,8,9,8,9,1,4,4,1,4,1,4,11,11,2,35,15,4,4,4,8,NA,12,6,NA,NA,10,35,33,26,27,41,30,30,71,26,6,NA,36,4,447,NA,46216.819282407,complete,1,0,29,29,16,6,0.93,59,0,Female,1,Since birth,1,0,9,9,8.666666666666666,8.333333333333334,9,NA,8.75,8.777777777777779,1.8571428571428572,39,6.5,8.666666666666666,FALSE,FALSE,FALSE,0,Non-migrant,0,1,1,0,1,0,1,NA,3,3,NA,3,NA,3,4,3
236,NA,NA,base,interview,fre,46222.42712963,NA,46,NA,NA,4,NA,NA,46,NA,2,0,1,1,1,1,1,-2,Française,NA,NA,NA,3,NA,7,1,1,1,1,1,1,1,1,1,1,1,1,1,2,Européenne et Afrique du Nord,1963,1,2,13,Maitrise de lettres modernes,65195,1,1,1,1,1,1,1,2,2,1,1,1,2,2,1,1,1,1,1,1,1,NA,2,NA,NA,NA,NA,NA,NA,NA,NA,NA,NA,NA,NA,NA,3,2,8,9,8,9,8,7,7,7,1,1,1,2,4,5,5,6,NA,8,9,8,9,NA,6,7,9,10,10,1,4,4,3,2,1,4,44,9,4,49,22,15,17,7,33,31,NA,7,4,6,36,40,33,22,28,29,114,29,55,23,8,NA,43,9,496,NA,46222.435428241,complete,1,0,29,29,10,4,0.66,63,1,Male,1,16+ years,0,0,2.5,8.5,8.333333333333334,7,1.25,5,8.5,5.7727272727272725,1.1428571428571428,42,6.5,9.666666666666666,TRUE,TRUE,TRUE,1,1st gen,0,1,1,1,1,0,1,NA,3,3,2,1,NA,3,5,2.4
237,NA,NA,base,interview,fre,46222.437372685,NA,46,NA,NA,46,NA,NA,46,NA,2,0,1,1,1,1,1,46,NA,NA,NA,NA,4,NA,3,1,1,1,2,1,1,1,1,1,1,1,1,1,1,NA,1985,1,2,9,NA,55116,1,NA,NA,NA,NA,NA,NA,NA,NA,NA,NA,NA,NA,NA,NA,NA,NA,NA,NA,NA,NA,NA,NA,NA,NA,NA,NA,NA,NA,NA,NA,NA,NA,NA,NA,NA,7,7,NA,NA,NA,NA,NA,NA,NA,NA,NA,NA,NA,NA,NA,NA,NA,NA,NA,NA,NA,NA,NA,NA,NA,NA,NA,NA,NA,1,NA,NA,NA,NA,NA,NA,726,6,3,10,5,14,6,5,12,9,NA,5,3,4,3,37,NA,NA,NA,NA,NA,NA,NA,NA,NA,NA,NA,NA,130,NA,46222.4471875,NA,0,0,16,16,25,13,1.05,41,1,Male,1,6-15 years,0,NA,7,NA,NA,NA,NA,NA,NA,7,NA,NA,NA,NA,TRUE,TRUE,TRUE,1,1st gen,0,NA,NA,NA,NA,NA,NA,NA,NA,NA,NA,NA,NA,NA,0,NA
238,NA,NA,base,interview,eng,46222.449675926,NA,NA,NA,NA,NA,NA,NA,NA,NA,NA,NA,NA,NA,NA,NA,NA,NA,NA,NA,NA,NA,NA,NA,NA,NA,NA,NA,NA,NA,NA,NA,NA,NA,NA,NA,NA,NA,NA,NA,NA,NA,NA,NA,NA,NA,NA,NA,NA,NA,NA,NA,NA,NA,NA,NA,NA,NA,NA,NA,NA,NA,NA,NA,NA,NA,NA,NA,NA,NA,NA,NA,NA,NA,NA,NA,NA,NA,NA,NA,NA,NA,NA,NA,NA,NA,NA,NA,NA,NA,NA,NA,NA,NA,NA,NA,NA,NA,NA,NA,NA,NA,NA,NA,NA,NA,NA,NA,NA,NA,NA,NA,NA,NA,NA,NA,NA,NA,2,6,NA,NA,NA,NA,NA,NA,NA,NA,NA,NA,NA,NA,NA,NA,NA,NA,NA,NA,NA,NA,NA,NA,NA,NA,NA,NA,8,NA,46222.449768519,NA,0,0,2,2,100,100,2.17,NA,NA,NA,NA,NA,NA,NA,NA,NA,NA,NA,NA,NA,NA,NA,NA,NA,NA,NA,FALSE,FALSE,FALSE,0,Non-migrant,NA,NA,NA,NA,NA,NA,NA,NA,NA,NA,NA,NA,NA,NA,NA,NA
239,NA,NA,base,interview,ger,46222.470115741,NA,73,NA,NA,73,NA,1,NA,NA,1,0,1,1,1,1,1,73,NA,NA,NA,NA,NA,1,6,NA,NA,1,2,1,1,1,1,1,1,1,1,1,1,NA,1976,1,2,11,NA,551xx,1,1,1,1,1,1,3,3,3,2,1,1,1,1,1,1,1,2,2,1,1,NA,2,NA,NA,NA,NA,NA,NA,NA,NA,NA,NA,NA,NA,NA,7,4,7,5,7,1,8,8,7,8,8,NA,NA,10,NA,NA,NA,NA,NA,9,10,9,NA,NA,NA,10,8,8,10,3,1,4,4,4,1,4,6,36,3,5,16,10,7,4,19,NA,4,6,NA,NA,7,32,28,41,26,40,19,23,58,29,8,NA,27,4,420,NA,46222.475428241,complete,1,0,29,29,11,4,0.99,50,1,Male,1,16+ years,1,0,5.5,6,5.333333333333333,7.666666666666667,9,NA,9.333333333333334,7.2,1.5714285714285714,36,10,8.666666666666666,TRUE,TRUE,FALSE,1,1st gen,1,0,1,1,1,0,1,2,NA,3,3,3,NA,3,5,2.8
240,NA,NA,base,interview,eng,46222.472048611,NA,46,NA,NA,46,NA,NA,46,NA,2,0,1,1,1,1,1,NA,NA,NA,NA,NA,4,NA,2,1,1,2,2,1,1,1,1,1,1,1,1,1,2,European is no ethnicity...,1988,1,2,9,NA,55130,1,1,1,1,1,1,1,1,NA,NA,NA,NA,NA,NA,NA,NA,NA,NA,NA,NA,NA,NA,2,NA,NA,NA,NA,NA,NA,NA,NA,NA,NA,NA,NA,NA,7,3,3,1,3,2,3,1,1,1,8,6,8,8,1,1,1,1,NA,1,1,1,1,"As usual with such surveys, questions are unclear and can lead to misunderstanding.",5,6,3,6,4,1,1,2,2,4,2,2,371,6,3,7,10,29,9,5,9,6,NA,4,3,3,24,19,18,19,13,25,17,13,54,NA,11,NA,27,72,323,NA,46222.481041667,complete,1,0,29,29,9,3,1.11,38,1,Male,1,6-15 years,0,0,5,2,2.6666666666666665,1,7.5,1,1,2.8636363636363638,1,24,5.5,4.333333333333333,TRUE,TRUE,TRUE,1,1st gen,0,0,1,1,1,1,1,NA,NA,1,1,3,1,1,5,1.4
241,NA,NA,base,interview,fre,46222.474803241,NA,66,NA,NA,66,NA,NA,66,NA,2,0,1,1,1,1,1,66,NA,NA,NA,NA,4,NA,3,3,3,1,2,1,1,1,1,1,1,1,1,1,1,NA,1972,1,1,11,NA,65189,1,1,1,1,1,1,1,1,NA,NA,NA,NA,NA,NA,NA,NA,NA,NA,NA,NA,NA,NA,2,NA,NA,NA,NA,NA,NA,NA,NA,NA,NA,NA,NA,NA,8,8,7,7,8,8,7,7,7,7,8,8,6,8,7,8,7,8,NA,5,5,5,5,NA,5,5,6,1,6,1,1,1,1,1,1,3,15,8,2,8,8,16,8,6,22,14,NA,4,4,4,4,29,16,23,18,40,31,29,35,NA,5,NA,34,3,386,NA,46222.479270833,complete,1,0,29,29,11,4,1.08,54,0,Female,1,6-15 years,0,0,8,7,7.666666666666667,7,7.5,7.5,5,7,1,23,5,4.333333333333333,TRUE,TRUE,TRUE,1,1st gen,0,0,0,0,0,0,1,NA,NA,NA,NA,NA,NA,2,1,2
243,NA,NA,base,interview,fre,46222.520023148,1,NA,NA,NA,46,NA,NA,46,NA,1,0,1,1,1,1,1,46,NA,NA,NA,NA,NA,1,8,NA,NA,1,2,1,1,1,1,1,1,1,1,1,1,NA,1977,1,1,14,NA,55128,1,1,1,1,1,1,1,1,NA,NA,NA,NA,NA,NA,NA,NA,NA,NA,NA,NA,NA,NA,2,NA,NA,NA,NA,NA,NA,NA,NA,NA,NA,NA,NA,NA,4,4,4,4,10,10,10,10,7,10,8,5,6,10,4,NA,NA,NA,9,10,10,10,10,NA,10,10,10,7,10,3,3,4,3,3,2,4,3,10,2,10,4,5,12,15,13,NA,6,5,NA,NA,5,18,14,15,16,22,18,16,27,NA,5,NA,20,3,253,NA,46222.523078704,complete,1,0,29,29,12,3,1.43,49,0,Female,1,Since birth,1,0,4,4,10,9,7.25,6.5,10,7.75,1,47,10,9,FALSE,TRUE,TRUE,1,2nd gen,1,1,1,1,1,1,1,2,2,3,2,2,1,3,7,2.142857142857143
244,NA,NA,base,interview,fre,46222.535891204,NA,46,NA,NA,46,NA,NA,46,NA,2,0,1,1,1,1,1,-2,française,NA,NA,NA,3,NA,7,NA,1,1,2,1,1,1,1,1,1,1,1,1,1,NA,1953,1,1,13,Physiotherapeut,63128,1,NA,NA,NA,NA,NA,NA,NA,NA,NA,NA,NA,NA,NA,NA,NA,NA,NA,NA,NA,NA,NA,NA,NA,NA,NA,NA,NA,NA,NA,NA,NA,NA,NA,NA,NA,NA,NA,NA,NA,NA,NA,NA,NA,NA,NA,NA,NA,NA,NA,NA,NA,NA,NA,NA,NA,NA,NA,NA,NA,NA,NA,NA,NA,NA,NA,NA,NA,NA,NA,NA,NA,4,10,2,40,6,16,12,11,42,16,NA,8,21,6,6,NA,NA,NA,NA,NA,NA,NA,NA,NA,NA,NA,NA,NA,115,NA,46222.538206019,NA,0,0,15,15,32,21,0.76,73,0,Female,1,16+ years,0,NA,NA,NA,NA,NA,NA,NA,NA,NA,NA,NA,NA,NA,TRUE,TRUE,TRUE,1,1st gen,NA,NA,NA,NA,NA,NA,NA,NA,NA,NA,NA,NA,NA,NA,NA,NA
246,NA,NA,base,interview,fre,46224.777511574,NA,46,NA,NA,46,NA,NA,46,NA,2,0,1,1,1,1,1,-2,Française,NA,NA,NA,3,NA,7,3,3,1,2,1,1,1,1,1,1,1,1,1,1,NA,1967,1,1,5,NA,65197,1,NA,NA,NA,NA,NA,NA,NA,NA,NA,NA,NA,NA,NA,NA,NA,NA,NA,NA,NA,NA,NA,NA,NA,NA,NA,NA,NA,NA,NA,NA,NA,NA,NA,NA,NA,3,3,5,3,8,5,7,5,5,7,NA,NA,NA,NA,NA,NA,NA,NA,NA,NA,NA,NA,NA,NA,NA,NA,NA,NA,NA,1,1,4,1,NA,NA,NA,5,12,5,13,8,11,7,7,27,11,NA,5,4,2,22,20,29,22,18,15,NA,NA,NA,NA,NA,NA,NA,NA,227,NA,46224.780335648,NA,0,0,20,20,28,22,1.03,59,0,Female,0,16+ years,0,NA,3,4,6.666666666666667,5.666666666666667,NA,NA,NA,5.1,NA,NA,NA,NA,TRUE,TRUE,TRUE,1,1st gen,0,0,1,0,NA,NA,NA,NA,NA,3,NA,NA,NA,NA,1,3
250,NA,NA,base,interview,ger,46240.864953704,NA,80,NA,NA,80,NA,NA,80,NA,2,0,1,1,1,1,1,80,NA,NA,NA,NA,2,NA,2,1,1,1,1,1,2,1,1,1,1,1,1,1,1,NA,1992,1,2,5,NA,55131,1,5,5,3,5,4,5,5,6,2,2,2,1,1,1,2,1,1,2,2,1,NA,1,4,2,2,1,1,1,1,2,1,1,2,1,1,7,3,6,3,7,3,7,5,5,5,5,3,3,7,8,7,7,7,NA,7,8,8,8,Man wird nicjt so oft gefragt über die gesamte erlebnis in Deutschland.,3,3,4,3,6,1,4,3,1,1,4,3,10,12,7,37,11,15,12,8,24,12,NA,7,5,11,35,141,143,101,131,156,89,48,328,46,9,88,100,92,537,NA,46240.884375,complete,1,0,29,29,9,4,0.42,34,1,Male,0,6-15 years,0,1,5,4.5,5.666666666666667,5,4.5,7.25,7.75,5.863636363636363,4.571428571428571,19,3,4.333333333333333,TRUE,TRUE,TRUE,1,1st gen,0,1,1,0,0,1,1,NA,3,2,NA,NA,3,2,4,2.5
251,NA,NA,base,interview,eng,46257.214780093,NA,181,NA,NA,181,NA,NA,181,NA,2,0,1,1,1,1,1,NA,NA,NA,NA,NA,2,NA,1,1,1,1,1,2,1,1,1,1,1,1,1,1,1,NA,NA,NA,1,6,NA,NA,NA,5,5,5,5,5,5,5,3,2,2,1,1,2,1,1,1,1,1,1,1,NA,1,3,2,2,1,1,2,1,1,1,1,1,1,1,10,10,10,10,10,10,10,NA,NA,10,6,4,5,5,10,10,10,10,NA,NA,NA,NA,NA,There is too much racism especially in my work sector/profession.More rules against descrimination in care work should be implemented.Thank you.,8,6,10,10,10,1,1,4,1,2,4,1,8,10,3,23,4,20,11,11,39,21,NA,9,7,12,16,58,27,33,26,35,45,29,51,25,8,9,42,115,529,NA,46257.222847222,complete,1,0,29,29,9,4,0.72,NA,0,Female,0,0-5 years,0,1,10,10,10,10,5,10,NA,8.75,5,44,7,10,TRUE,TRUE,TRUE,1,1st gen,0,0,1,0,1,1,0,NA,NA,3,NA,1,3,NA,3,2.3333333333333335
